{
    "copyright": "Copyright (c) 2019, Oracle Corporation and/or its affiliates.  All rights reserved.",
    "license": "Licensed under the Universal Permissive License v 1.0 as shown at https://oss.oracle.com/licenses/upl",
    "wlst_type": "AdminConsole",
    "default_name_value": "${NO_NAME_0:%DOMAIN%}",
    "short_name": "Console",
    "folders": {},
    "attributes": {
        "CookieName":             [ {"version": "[10,)",       "wlst_mode": "both", "wlst_name": "CookieName",                 "wlst_path": "WP001", "value": {"default": "ADMINCONSOLESESSION" }, "wlst_type": "string"  } ],
        "MinThreads":             [ {"version": "[12.2.1.1,)", "wlst_mode": "both", "wlst_name": "MinThreads",                 "wlst_path": "WP001", "value": {"default": 101                   }, "wlst_type": "integer" } ],
        "Notes":                  [ {"version": "[10,)",       "wlst_mode": "both", "wlst_name": "Notes",                      "wlst_path": "WP001", "value": {"default": "None"                }, "wlst_type": "string"  } ],
        "ProtectedCookieEnabled": [ {"version": "[12.2.1,)",   "wlst_mode": "both", "wlst_name": "ProtectedCookieEnabled",     "wlst_path": "WP001", "value": {"default": true                  }, "wlst_type": "boolean" } ],
        "SsoLogoutUrl":           [ {"version": "[10,)",       "wlst_mode": "both", "wlst_name": "${Sso:SSO}Logout${Url:URL}", "wlst_path": "WP001", "value": {"default": "None"                }, "wlst_type": "string"  } ],
        "SessionTimeout":         [ {"version": "[10,)",       "wlst_mode": "both", "wlst_name": "SessionTimeout",             "wlst_path": "WP001", "value": {"default": 3600                  }, "wlst_type": "integer" } ]
    },
    "wlst_attributes_path": "WP001",
    "wlst_paths": {
        "WP001": "/AdminConsole/%ADMINCONSOLE%"
    }
}
