{
  "copyright": "Copyright (c) 2020, Oracle Corporation and/or its affiliates.",
  "license": "Licensed under the Universal Permissive License v 1.0 as shown at https://oss.oracle.com/licenses/upl",
  "wlst_type": "CdiContainer",
  "version": "[12.2.1,)",
  "default_name_value": "${NO_NAME_0:%DOMAIN%}",
  "folders": {},
  "attributes": {
    "ImplicitBeanDiscoveryEnabled":   [ {"version": "[12.2.1,)",   "wlst_mode": "both", "wlst_name": "ImplicitBeanDiscoveryEnabled",      "wlst_path": "WP001", "value": {"default": "true"                }, "wlst_type": "boolean" } ],
    "Notes":                          [ {"version": "[12.2.1,)",   "wlst_mode": "both", "wlst_name": "Notes",                             "wlst_path": "WP001", "value": {"default": "None"                }, "wlst_type": "string"  } ],
    "Policy":                         [ {"version": "[12.2.1.1,)", "wlst_mode": "both", "wlst_name": "Policy",                            "wlst_path": "WP001", "value": {"default": "None"                }, "wlst_type": "string"  } ]
  },
  "wlst_attributes_path": "WP001",
  "wlst_paths": {
    "WP001": "/CdiContainer/%CDICONTAINER%"
  }
}
