{
    "copyright": "Copyright (c) 2017, 2019, Oracle Corporation and/or its affiliates.  All rights reserved.",
    "license": "Licensed under the Universal Permissive License v 1.0 as shown at https://oss.oracle.com/licenses/upl",
    "wlst_type": "",
    "folders": {},
    "attributes": {
        "Active":                                          [ {"version": "[10,)",             "wlst_mode": "offline", "wlst_name": "Active",                                           "wlst_path": "WP001", "value": {"default": "false"       }, "wlst_type": "boolean", "access": "RO"  } ],
        "AdminServerName":                                 [ {"version": "[10,)",             "wlst_mode": "both",    "wlst_name": "AdminServerName",                                  "wlst_path": "WP001", "value": {"default": "AdminServer" }, "wlst_type": "string"   } ],
        "AdministrationMBeanAuditingEnabled":              [ {"version": "[10,)",             "wlst_mode": "both",    "wlst_name": "AdministrationMBeanAuditingEnabled",               "wlst_path": "WP001", "value": {"default": "false"       }, "wlst_type": "boolean"  } ],
        "AdministrationPort":                              [ {"version": "[10,)",             "wlst_mode": "both",    "wlst_name": "AdministrationPort",                               "wlst_path": "WP001", "value": {"default": 9002          }, "wlst_type": "integer"  } ],
        "AdministrationPortEnabled":                       [ {"version": "[10,)",             "wlst_mode": "both",    "wlst_name": "AdministrationPortEnabled",                        "wlst_path": "WP001", "value": {"default": "false"       }, "wlst_type": "boolean"  } ],
        "AdministrationProtocol":                          [ {"version": "[10,12.1.2)",       "wlst_mode": "both",    "wlst_name": "AdministrationProtocol",                           "wlst_path": "WP001", "value": {"default": "${None:t3s}" }, "wlst_type": "string",  "restart_required": "true" } ,
                                                             {"version": "[12.1.2,)",         "wlst_mode": "both",    "wlst_name": "AdministrationProtocol",                           "wlst_path": "WP001", "value": {"default": "t3s"         }, "wlst_type": "string",  "restart_required": "true" } ],
        "ArchiveConfigurationCount":                       [ {"version": "[10,)",             "wlst_mode": "both",    "wlst_name": "ArchiveConfigurationCount",                        "wlst_path": "WP001", "value": {"default": 0             }, "wlst_type": "integer", "get_method": "GET"  } ],
        "AutoDeployForSubmodulesEnabled":                  [ {"version": "[10.3.4,)",         "wlst_mode": "both",    "wlst_name": "AutoDeployForSubmodulesEnabled",                   "wlst_path": "WP001", "value": {"default": "true"        }, "wlst_type": "boolean", "get_method": "${LSA:GET}" } ],
        "BatchJobsDataSourceJndiName":                     [ {"version": "[12.2.1,)",         "wlst_mode": "both",    "wlst_name": "BatchJobsDataSourceJndiName",                      "wlst_path": "WP001", "value": {"default": "None"        }, "wlst_type": "string"   } ],
        "BatchJobsExecutorServiceName":                    [ {"version": "[12.2.1,)",         "wlst_mode": "both",    "wlst_name": "BatchJobsExecutorServiceName",                     "wlst_path": "WP001", "value": {"default": "None"        }, "wlst_type": "string"   } ],
        "ClusterConstraintsEnabled":                       [ {"version": "[10,)",             "wlst_mode": "both",    "wlst_name": "ClusterConstraintsEnabled",                        "wlst_path": "WP001", "value": {"default": "false"       }, "wlst_type": "boolean"  } ],
        "ConfigBackupEnabled":                             [ {"version": "[10,)",             "wlst_mode": "both",    "wlst_name": "ConfigBackupEnabled",                              "wlst_path": "WP001", "value": {"default": "false"       }, "wlst_type": "boolean"  } ],
        "ConfigurationAuditType":                          [ {"version": "[10,)",             "wlst_mode": "both",    "wlst_name": "ConfigurationAuditType",                           "wlst_path": "WP001", "value": {"default": "None"        }, "wlst_type": "string"   } ],
        "ConfigurationVersion":                            [ {"version": "[10,)",             "wlst_mode": "both",    "wlst_name": "ConfigurationVersion",                             "wlst_path": "WP001", "value": {"default": "None"        }, "wlst_type": "string",  "access": "RO" } ],
        "ConsoleContextPath":                              [ {"version": "[10,)",             "wlst_mode": "both",    "wlst_name": "ConsoleContextPath",                               "wlst_path": "WP001", "value": {"default": "console"     }, "wlst_type": "string", "uses_path_tokens": "true"  } ],
        "ConsoleEnabled":                                  [ {"version": "[10,)",             "wlst_mode": "both",    "wlst_name": "ConsoleEnabled",                                   "wlst_path": "WP001", "value": {"default": "true"        }, "wlst_type": "boolean"  } ],
        "ConsoleExtensionDirectory":                       [ {"version": "[10,)",             "wlst_mode": "both",    "wlst_name": "ConsoleExtensionDirectory",                        "wlst_path": "WP001", "value": {"default": "console-ext" }, "wlst_type": "string", "uses_path_tokens": "true"   } ],
        "DbPassiveMode":                                   [ {"version": "[12.2.1.3,)",       "wlst_mode": "both",    "wlst_name": "${Db:DB}PassiveMode",                              "wlst_path": "WP001", "value": {"default": "false"       }, "wlst_type": "boolean"  } ],
        "DbPassiveModeGracePeriodSeconds":                 [ {"version": "[12.2.1.3,)",       "wlst_mode": "both",    "wlst_name": "${Db:DB}PassiveModeGracePeriodSeconds",            "wlst_path": "WP001", "value": {"default": 30            }, "wlst_type": "integer"  } ],
        "DiagnosticContextCompatibilityModeEnabled":       [ {"version": "[12.2.1,)",         "wlst_mode": "both",    "wlst_name": "DiagnosticContextCompatibilityModeEnabled",        "wlst_path": "WP001", "value": {"default": "true"        }, "wlst_type": "boolean"  } ],
        "DomainVersion":                                   [ {"version": "[10,)",             "wlst_mode": "both",    "wlst_name": "DomainVersion",                                    "wlst_path": "WP001", "value": {"default": "None"        }, "wlst_type": "string",  "access": "ROD"} ],
        "EnableEeCompliantClassloadingForEmbeddedAdapters": [ {"version": "[12.2.1,)",        "wlst_mode": "both",    "wlst_name": "Enable${Ee:EE}CompliantClassloadingForEmbeddedAdapters", "wlst_path": "WP001", "value": {"default": "${false:true}" }, "wlst_type": "boolean", "get_method": "LSA"  } ],
        "ExalogicOptimizationsEnabled":                    [ {"version": "[10.3.4,)",         "wlst_mode": "both",    "wlst_name": "ExalogicOptimizationsEnabled",                     "wlst_path": "WP001", "value": {"default": "false"       }, "wlst_type": "boolean", "restart_required": "true" } ],
        "GuardianEnabled":                                 [ {"version": "[10,12.2.1.3)",     "wlst_mode": "both",    "wlst_name": "GuardianEnabled",                                  "wlst_path": "WP001", "value": {"default": "false"       }, "wlst_type": "boolean"  } ,
                                                             {"version": "[12.2.1.3,)",       "wlst_mode": "online",  "wlst_name": "GuardianEnabled",                                  "wlst_path": "WP001", "value": {"default": "false"       }, "wlst_type": "boolean"  } ],
        "InstalledSoftwareVersion":                        [ {"version": "[14.1.1,)",         "wlst_mode": "both",    "wlst_name": "InstalledSoftwareVersion",                         "wlst_path": "WP001", "value": {"default": "None"        }, "wlst_type": "string"   } ],
        "InternalAppsDeployOnDemandEnabled":               [ {"version": "[10,)",             "wlst_mode": "both",    "wlst_name": "InternalAppsDeployOnDemandEnabled",                "wlst_path": "WP001", "value": {"default": "true"        }, "wlst_type": "boolean"  } ],
        "JavaServiceConsoleEnabled":                       [ {"version": "[12.1.2,)",         "wlst_mode": "both",    "wlst_name": "JavaServiceConsoleEnabled",                        "wlst_path": "WP001", "value": {"default": "false"       }, "wlst_type": "boolean"  } ],
        "JavaServiceEnabled":                              [ {"version": "[12.1.2,)",         "wlst_mode": "both",    "wlst_name": "JavaServiceEnabled",                               "wlst_path": "WP001", "value": {"default": "false"       }, "wlst_type": "boolean", "restart_required": "true"  } ],
        "LastModificationTime":                            [ {"version": "[10,)",             "wlst_mode": "both",    "wlst_name": "LastModificationTime",                             "wlst_path": "WP001", "value": {"default": 0             }, "wlst_type": "long",    "access": "RO"} ],
        "LogFormatCompatibilityEnabled":                   [ {"version": "[12.2.1,)",         "wlst_mode": "both",    "wlst_name": "LogFormatCompatibilityEnabled",                    "wlst_path": "WP001", "value": {"default": "false"       }, "wlst_type": "boolean", "restart_required": "true"  } ],
        "MaxConcurrentLongRunningRequests":                [ {"version": "[12.2.1,)",         "wlst_mode": "both",    "wlst_name": "MaxConcurrentLongRunningRequests",                 "wlst_path": "WP001", "value": {"default": 50            }, "wlst_type": "integer"  } ],
        "MaxConcurrentNewThreads":                         [ {"version": "[12.2.1,)",         "wlst_mode": "both",    "wlst_name": "MaxConcurrentNewThreads",                          "wlst_path": "WP001", "value": {"default": 50            }, "wlst_type": "integer"  } ],
        "MsgIdPrefixCompatibilityEnabled":                 [ {"version": "[10,)",             "wlst_mode": "offline", "wlst_name": "MsgIdPrefixCompatibilityEnabled",                  "wlst_path": "WP001", "value": {"default": "true"        }, "wlst_type": "boolean"  } ],
        "Name":                                            [ {"version": "[10,)",             "wlst_mode": "both",    "wlst_name": "Name",                                             "wlst_path": "WP001", "value": {"default": "None"        }, "wlst_type": "string",  "access": "RO"} ],
        "Notes":                                           [ {"version": "[10,)",             "wlst_mode": "both",    "wlst_name": "Notes",                                            "wlst_path": "WP001", "value": {"default": "None"        }, "wlst_type": "string"   } ],
        "OCMEnabled":                                      [ {"version": "[10,12.1.2)",       "wlst_mode": "both",    "wlst_name": "${Ocm:OCM}Enabled",                                "wlst_path": "WP001", "value": {"default": "true"        }, "wlst_type": "boolean", "get_method": "${LSA:GET}" },
                                                             {"version": "[12.1.2,)",         "wlst_mode": "both",    "wlst_name": "OCMEnabled",                                       "wlst_path": "WP001", "value": {"default": "true"        }, "wlst_type": "boolean", "get_method": "${LSA:GET}" } ],
        "ParallelDeployApplicationModules":                [ {"version": "[12.2.1,)",         "wlst_mode": "both",    "wlst_name": "ParallelDeployApplicationModules",                 "wlst_path": "WP001", "value": {"default": "false"       }, "wlst_type": "boolean"  } ],
        "ParallelDeployApplications":                      [  {"version": "[12.2.1,)",        "wlst_mode": "both",    "wlst_name": "ParallelDeployApplications",                       "wlst_path": "WP001", "value": {"default": "${false:true}"}, "wlst_type": "boolean"  } ],
        "PartitionUriSpace":                               [ {"version": "[12.2.1.1,)",       "wlst_mode": "both",    "wlst_name": "PartitionUriSpace",                                "wlst_path": "WP001", "value": {"default": "/partitions" }, "wlst_type": "string"   } ],
        "ProductionModeEnabled":                           [ {"version": "[10,)",             "wlst_mode": "both",    "wlst_name": "ProductionModeEnabled",                            "wlst_path": "WP001", "value": {"default": "false"       }, "wlst_type": "boolean"  } ],
        "RootDirectory":                                   [ {"version": "[10,)",             "wlst_mode": "both",    "wlst_name": "RootDirectory",                                    "wlst_path": "WP001", "value": {"default": "None"        }, "wlst_type": "string",   "access": "RO", "uses_path_tokens": "true"} ],
        "ServerMigrationHistorySize":                      [ {"version": "[12.1.2,12.2.1.1)", "wlst_mode": "both",    "wlst_name": "ServerMigrationHistorySize",                       "wlst_path": "WP001", "value": {"default": "-1"          }, "wlst_type": "integer",  "restart_required": "true" },
                                                             {"version": "[12.2.1.1,12.2.1.3)","wlst_mode": "both",   "wlst_name": "ServerMigrationHistorySize",                       "wlst_path": "WP001", "value": {"default": "-1"          }, "wlst_type": "integer"   } ,
                                                             {"version": "[12.2.1.3,)",       "wlst_mode": "both",    "wlst_name": "ServerMigrationHistorySize",                       "wlst_path": "WP001", "value": {"default": 100           }, "wlst_type": "integer"   } ],
        "ServiceMigrationHistorySize":                     [ {"version": "[12.1.2,12.2.1.1)", "wlst_mode": "both",    "wlst_name": "ServiceMigrationHistorySize",                      "wlst_path": "WP001", "value": {"default": -1            }, "wlst_type": "integer",  "restart_required": "true" },
                                                             {"version": "[12.2.1.1,12.2.1.3)","wlst_mode": "both",   "wlst_name": "ServiceMigrationHistorySize",                      "wlst_path": "WP001", "value": {"default": -1            }, "wlst_type": "integer"    },
                                                             {"version": "[12.2.1.3,)",       "wlst_mode": "both",    "wlst_name": "ServiceMigrationHistorySize",                      "wlst_path": "WP001", "value": {"default": 100           }, "wlst_type": "integer"    } ],
        "SiteName":                                        [ {"version": "[12.2.1,)",         "wlst_mode": "both",    "wlst_name": "SiteName",                                         "wlst_path": "WP001", "value": {"default": "None"        }, "wlst_type": "string"     } ]
    },
    "wlst_attributes_path": "WP001",
    "wlst_paths": {
        "WP001": "/"
    }
}
