{
    "copyright": "Copyright (c) 2019, 2020, Oracle Corporation and/or its affiliates.  All rights reserved.",
    "license": "Licensed under the Universal Permissive License v 1.0 as shown at https://oss.oracle.com/licenses/upl",
    "wlst_type": "EmbeddedLDAP",
    "default_name_value": "%DOMAIN%",
    "short_name": "LDAP",
    "folders": {},
    "attributes": {
        "AnonymousBindAllowed":    [ {"version": "[10,)", "wlst_mode": "both", "wlst_name": "AnonymousBindAllowed",    "wlst_path": "WP001", "value": {"default": "false" }, "wlst_type": "boolean"   } ],
        "BackupCopies":            [ {"version": "[10,)", "wlst_mode": "both", "wlst_name": "BackupCopies",            "wlst_path": "WP001", "value": {"default": 7       }, "wlst_type": "integer"   } ],
        "BackupHour":              [ {"version": "[10,)", "wlst_mode": "both", "wlst_name": "BackupHour",              "wlst_path": "WP001", "value": {"default": 23      }, "wlst_type": "integer"   } ],
        "BackupMinute":            [ {"version": "[10,)", "wlst_mode": "both", "wlst_name": "BackupMinute",            "wlst_path": "WP001", "value": {"default": 5       }, "wlst_type": "integer"   } ],
        "CacheEnabled":            [ {"version": "[10,)", "wlst_mode": "both", "wlst_name": "CacheEnabled",            "wlst_path": "WP001", "value": {"default": "true"  }, "wlst_type": "boolean"   } ],
        "CacheSize":               [ {"version": "[10,)", "wlst_mode": "both", "wlst_name": "CacheSize",               "wlst_path": "WP001", "value": {"default": 32      }, "wlst_type": "integer"   } ],
        "CacheTTL":                [ {"version": "[10,)", "wlst_mode": "both", "wlst_name": "CacheTTL",                "wlst_path": "WP001", "value": {"default": 60      }, "wlst_type": "integer"   } ],
        "CredentialEncrypted":     [ {"version": "[10,)", "wlst_mode": "both", "wlst_name": "CredentialEncrypted",     "wlst_path": "WP001", "value": {"default": "None"  }, "wlst_type": "password", "get_method": "GET" } ],
        "KeepAliveEnabled":        [ {"version": "[10,)", "wlst_mode": "both", "wlst_name": "KeepAliveEnabled",        "wlst_path": "WP001", "value": {"default": "false" }, "wlst_type": "boolean"   } ],
        "MasterFirst":             [ {"version": "[10,)", "wlst_mode": "both", "wlst_name": "MasterFirst",             "wlst_path": "WP001", "value": {"default": "false" }, "wlst_type": "boolean"   } ],
        "Notes":                   [ {"version": "[10,)", "wlst_mode": "both", "wlst_name": "Notes",                   "wlst_path": "WP001", "value": {"default": "None"  }, "wlst_type": "string"    } ],
        "RefreshReplicaAtStartup": [ {"version": "[10,)", "wlst_mode": "both", "wlst_name": "RefreshReplicaAtStartup", "wlst_path": "WP001", "value": {"default": "false" }, "wlst_type": "boolean"   } ],
        "Timeout":                 [ {"version": "[10,)", "wlst_mode": "both", "wlst_name": "Timeout",                 "wlst_path": "WP001", "value": {"default": 0       }, "wlst_type": "integer"   } ]
    },
    "wlst_attributes_path": "WP001",
    "wlst_paths": {
        "WP001": "/EmbeddedLDAP/%EMBEDDEDLDAP%"
    }
}
