{
    "copyright": "Copyright (c) 2017, 2019, Oracle Corporation and/or its affiliates.  All rights reserved.",
    "license": "Licensed under the Universal Permissive License v 1.0 as shown at https://oss.oracle.com/licenses/upl",
    "wlst_type": "FileStore${:s}",
    "child_folders_type": "multiple",
    "short_name": "FileStore",
    "folders": {},
    "attributes": {
        "BlockSize":                           [ {"version": "[10,)",             "wlst_mode": "both",    "wlst_name": "BlockSize",                            "wlst_path": "WP001", "value": {"default": -1            }, "wlst_type": "integer"          } ],
        "CacheDirectory":                      [ {"version": "[10,)",             "wlst_mode": "both",    "wlst_name": "CacheDirectory",                       "wlst_path": "WP001", "value": {"default": "None"        }, "wlst_type": "string"           } ],
        "DeploymentOrder":                     [ {"version": "[10,)",             "wlst_mode": "both",    "wlst_name": "DeploymentOrder",                      "wlst_path": "WP001", "value": {"default": 1000          }, "wlst_type": "integer"          } ],
        "Directory":                           [ {"version": "[10,)",             "wlst_mode": "both",    "wlst_name": "Directory",                            "wlst_path": "WP001", "value": {"default": "None"        }, "wlst_type": "string",          "restart_required": "true" } ],
        "DistributionPolicy":                  [ {"version": "[12.2.1,)",         "wlst_mode": "both",    "wlst_name": "DistributionPolicy",                   "wlst_path": "WP001", "value": {"default": "${None:Distributed}"}, "wlst_type": "string",   "restart_required": "true" } ],
        "FailOverLimit":                       [ {"version": "[12.2.1.4,)",       "wlst_mode": "both",    "wlst_name": "FailOverLimit",                        "wlst_path": "WP001", "value": {"default": -1            }, "wlst_type": "integer"          } ],
        "FailbackDelaySeconds":                [ {"version": "[12.2.1,)",         "wlst_mode": "both",    "wlst_name": "FailbackDelaySeconds",                 "wlst_path": "WP001", "value": {"default": -1            }, "wlst_type": "long"             } ],
        "FileLockingEnabled":                  [ {"version": "[10,)",             "wlst_mode": "both",    "wlst_name": "FileLockingEnabled",                   "wlst_path": "WP001", "value": {"default": "true"        }, "wlst_type": "boolean"          } ],
        "InitialBootDelaySeconds":             [ {"version": "[12.2.1,12.2.1.1)", "wlst_mode": "both",    "wlst_name": "InitialBootDelaySeconds",              "wlst_path": "WP001", "value": {"default": -1            }, "wlst_type": "long"             },
                                                 {"version": "[12.2.1.1,)",       "wlst_mode": "both",    "wlst_name": "InitialBootDelaySeconds",              "wlst_path": "WP001", "value": {"default": 60            }, "wlst_type": "long"             } ],
        "InitialSize":                         [ {"version": "[10,)",             "wlst_mode": "both",    "wlst_name": "InitialSize",                          "wlst_path": "WP001", "value": {"default": 0             }, "wlst_type": "long"             } ],
        "IoBufferSize":                        [ {"version": "[10,)",             "wlst_mode": "both",    "wlst_name": "IoBufferSize",                         "wlst_path": "WP001", "value": {"default": -1            }, "wlst_type": "integer"          } ],
        "LogicalName":                         [ {"version": "[10,)",             "wlst_mode": "both",    "wlst_name": "LogicalName",                          "wlst_path": "WP001", "value": {"default": "None"        }, "wlst_type": "string"           } ],
        "MaxFileSize":                         [ {"version": "[10,)",             "wlst_mode": "both",    "wlst_name": "MaxFileSize",                          "wlst_path": "WP001", "value": {"default": 1342177280    }, "wlst_type": "long",            "get_method": "LSA"} ],
        "MaxWindowBufferSize":                 [ {"version": "[10,)",             "wlst_mode": "both",    "wlst_name": "MaxWindowBufferSize",                  "wlst_path": "WP001", "value": {"default": -1            }, "wlst_type": "integer"          } ],
        "MigrationPolicy":                     [ {"version": "[12.2.1,)",         "wlst_mode": "both",    "wlst_name": "MigrationPolicy",                      "wlst_path": "WP001", "value": {"default": "${None:Off}" }, "wlst_type": "string",          "restart_required": "true" } ],
        "MinWindowBufferSize":                 [ {"version": "[10,)",             "wlst_mode": "both",    "wlst_name": "MinWindowBufferSize",                  "wlst_path": "WP001", "value": {"default": -1            }, "wlst_type": "integer"          } ],
        "Notes":                               [ {"version": "[10,)",             "wlst_mode": "both",    "wlst_name": "Notes",                                "wlst_path": "WP001", "value": {"default": "None"        }, "wlst_type": "string"           } ],
        "NumberOfRestartAttempts":             [ {"version": "[12.2.1,)",         "wlst_mode": "both",    "wlst_name": "NumberOfRestartAttempts",              "wlst_path": "WP001", "value": {"default": 6             }, "wlst_type": "integer"          } ],
        "PartialClusterStabilityDelaySeconds": [ {"version": "[12.2.1,12.2.1.1)", "wlst_mode": "both",    "wlst_name": "PartialClusterStabilityDelaySeconds",  "wlst_path": "WP001", "value": {"default": -1            }, "wlst_type": "long"             },
                                                 {"version": "[12.2.1.1,)",       "wlst_mode": "both",    "wlst_name": "PartialClusterStabilityDelaySeconds",  "wlst_path": "WP001", "value": {"default": 240           }, "wlst_type": "long"             } ],
        "RestartInPlace":                      [ {"version": "[12.2.1,12.2.1.2)", "wlst_mode": "both",    "wlst_name": "RestartInPlace",                       "wlst_path": "WP001", "value": {"default": "true"        }, "wlst_type": "boolean"          } ,
                                                 {"version": "[12.2.1.2,)",       "wlst_mode": "both",    "wlst_name": "RestartInPlace",                       "wlst_path": "WP001", "value": {"default": "false"       }, "wlst_type": "boolean"          } ],
        "SecondsBetweenRestarts":              [ {"version": "[12.2.1,)",         "wlst_mode": "both",    "wlst_name": "SecondsBetweenRestarts",               "wlst_path": "WP001", "value": {"default": 30            }, "wlst_type": "integer"          } ],
        "SynchronousWritePolicy":              [ {"version": "[10,)",             "wlst_mode": "both",    "wlst_name": "SynchronousWritePolicy",               "wlst_path": "WP001", "value": {"default": "${None:Direct-Write}"}, "wlst_type": "string"           } ],
        "Target":                              [ {"version": "[10,)",             "wlst_mode": "offline", "wlst_name": "Target",                               "wlst_path": "WP001", "value": {"default": "None"        }, "wlst_type": "delimited_string", "set_method": "MBEAN.set_target_mbeans" },
                                                 {"version": "[10,)",             "wlst_mode": "online",  "wlst_name": "Targets",                              "wlst_path": "WP002", "value": {"default": "None"        }, "wlst_type": "jarray",          "get_method": "GET", "preferred_model_type": "delimited_string", "set_method": "MBEAN.set_target_mbeans", "set_mbean_type": "weblogic.management.configuration.TargetMBean"} ],
        "XAResourceName":                      [ {"version": "[10,)",             "wlst_mode": "both",    "wlst_name": "XAResourceName",                       "wlst_path": "WP001", "value": {"default": "None"        }, "wlst_type": "string",          "access": "${:RO}"} ]
    },
    "wlst_attributes_path": "WP001",
    "wlst_paths": {
        "WP001": "/FileStore${:s}/%FILESTORE%",
        "WP002": "/FileStore${:s}/%FILESTORE%/Targets"
    }
}
