{
    "copyright": "Copyright (c) 2017, 2019, Oracle Corporation and/or its affiliates.  All rights reserved.",
    "license": "Licensed under the Universal Permissive License v 1.0 as shown at https://oss.oracle.com/licenses/upl",
    "wlst_type": "ForeignJNDIProvider${:s}",
    "child_folders_type": "multiple",
    "short_name": "ForeignJNDI",
    "folders": {
        "ForeignJNDILink": {
            "wlst_type": "ForeignJNDILink${:s}",
            "child_folders_type": "multiple",
            "folders": {},
            "attributes": {
                "LocalJNDIName":                           [ {"version": "[10,)",     "wlst_mode": "both",    "wlst_name": "LocalJNDIName",                        "wlst_path": "WP001", "value": {"default": "None"  },    "wlst_type": "string" } ],
                "RemoteJNDIName":                          [ {"version": "[10,)",     "wlst_mode": "both",    "wlst_name": "RemoteJNDIName",                       "wlst_path": "WP001", "value": {"default": "None"  },    "wlst_type": "string" } ],
                "Notes":                                   [ {"version": "[10,)",     "wlst_mode": "both",    "wlst_name": "Notes",                                "wlst_path": "WP001", "value": {"default": "None"  },    "wlst_type": "string" } ]
            },
            "wlst_attributes_path": "WP001",
            "wlst_paths": {
                "WP001": "/ForeignJNDIProvider${:s}/%FOREIGNJNDIPROVIDER%/ForeignJNDILink${:s}/%FOREIGNJNDILINK%"
            }
        }
    },
    "attributes": {
        "DeploymentOrder":                         [ {"version": "[10,)",     "wlst_mode": "both",    "wlst_name": "DeploymentOrder",        "wlst_path": "WP001", "value": {"default": 1000   }, "wlst_type": "integer"          } ],
        "InitialContextFactory":                   [ {"version": "[10,)",     "wlst_mode": "both",    "wlst_name": "InitialContextFactory",  "wlst_path": "WP001", "value": {"default": "None" }, "wlst_type": "string"           } ],
        "Notes":                                   [ {"version": "[10,)",     "wlst_mode": "both",    "wlst_name": "Notes",                  "wlst_path": "WP001", "value": {"default": "None" }, "wlst_type": "string"           } ],
        "PasswordEncrypted":                       [ {"version": "[10,)",     "wlst_mode": "both",    "wlst_name": "PasswordEncrypted",      "wlst_path": "WP001", "value": {"default": "None" }, "wlst_type": "password",        "get_method": "GET" } ],
        "Properties":                              [ {"version": "[10,)",     "wlst_mode": "both",    "wlst_name": "Properties",             "wlst_path": "WP001", "value": {"default": "None" }, "wlst_type": "properties",      "preferred_model_type": "dict", "get_method": "GET" } ],
        "ProviderUrl":                             [ {"version": "[10,)",     "wlst_mode": "offline", "wlst_name": "ProviderUrl",            "wlst_path": "WP001", "value": {"default": "None" }, "wlst_type": "string"           },
                                                     {"version": "[10,)",     "wlst_mode": "online",  "wlst_name": "ProviderURL",            "wlst_path": "WP001", "value": {"default": "None" }, "wlst_type": "string"           } ],
        "User":                                    [ {"version": "[10,)",     "wlst_mode": "both",    "wlst_name": "User",                   "wlst_path": "WP001", "value": {"default": "None" }, "wlst_type": "credential"       } ],
        "Target":                                  [ {"version": "[10,)",     "wlst_mode": "offline", "wlst_name": "Target",                 "wlst_path": "WP001", "value": {"default": "None" }, "wlst_type": "delimited_string", "set_method": "MBEAN.set_target_mbeans" },
                                                     {"version": "[10,)",     "wlst_mode": "online",  "wlst_name": "Targets",                "wlst_path": "WP002", "value": {"default": "None" }, "wlst_type": "jarray",          "get_method": "GET", "preferred_model_type": "delimited_string", "set_method": "MBEAN.set_target_mbeans", "set_mbean_type": "weblogic.management.configuration.TargetMBean"} ]
    },
    "wlst_attributes_path": "WP001",
    "wlst_paths": {
        "WP001": "/ForeignJNDIProvider${:s}/%FOREIGNJNDIPROVIDER%",
        "WP002": "/ForeignJNDIProvider${:s}/%FOREIGNJNDIPROVIDER%/Targets"
    }
}
