{
    "copyright": "Copyright (c) 2017, 2019, Oracle Corporation and/or its affiliates.  All rights reserved.",
    "license": "Licensed under the Universal Permissive License v 1.0 as shown at https://oss.oracle.com/licenses/upl",
    "wlst_type": "JDBCStore${:s}",
    "child_folders_type": "multiple",
    "folders": {},
    "attributes": {
        "ConnectionPool":                       [ {"version": "[10,12.2.1)", "wlst_mode": "offline", "wlst_name": "ConnectionPool",                      "wlst_path": "WP001", "value": {"default": "None"   }, "wlst_type": "string"           } ],
        "ConnectionCachingPolicy":              [ {"version": "[12.2.1.1,)", "wlst_mode": "both",    "wlst_name": "ConnectionCachingPolicy",             "wlst_path": "WP001", "value": {"default": "${None:DEFAULT}"}, "wlst_type": "string",  "restart_required": "true"  } ],
        "CreateTableDDLFile":                   [ {"version": "[10,)",       "wlst_mode": "both",    "wlst_name": "CreateTableDDLFile",                  "wlst_path": "WP001", "value": {"default": "None"   }, "wlst_type": "string",          "restart_required": "true" } ],
        "DataSource":                           [ {"version": "[10,)",       "wlst_mode": "both",    "wlst_name": "DataSource",                          "wlst_path": "WP001", "value": {"default": "None"   }, "wlst_type": "string",          "get_method": "${LSA:GET}", "get_mbean_type": "${:JDBCSystemResourceMBean}", "set_method": "${:MBEAN.set_data_source_mbean}", "set_mbean_type": "${:weblogic.management.configuration.JDBCSystemResourceMBean}", "restart_required": "true"} ],
        "DeletesPerBatchMaximum":               [ {"version": "[10,)",       "wlst_mode": "both",    "wlst_name": "DeletesPerBatchMaximum",              "wlst_path": "WP001", "value": {"default": 20       }, "wlst_type": "integer",         "restart_required": "true" } ],
        "DeletesPerStatementMaximum":           [ {"version": "[10,)",       "wlst_mode": "both",    "wlst_name": "DeletesPerStatementMaximum",          "wlst_path": "WP001", "value": {"default": 20       }, "wlst_type": "integer",         "restart_required": "true" } ],
        "DeploymentOrder":                      [ {"version": "[10,)",       "wlst_mode": "both",    "wlst_name": "DeploymentOrder",                     "wlst_path": "WP001", "value": {"default": 1000     }, "wlst_type": "integer"          } ],
        "DistributionPolicy":                   [ {"version": "[12.2,)",     "wlst_mode": "both",    "wlst_name": "DistributionPolicy",                  "wlst_path": "WP001", "value": {"default": "${None:Distributed}"}, "wlst_type": "string", "restart_required": "true" } ],
        "FailbackDelaySeconds":                 [ {"version": "[12.2,)",     "wlst_mode": "both",    "wlst_name": "FailbackDelaySeconds",                "wlst_path": "WP001", "value": {"default": -1       }, "wlst_type": "long"             } ],
        "FailOverLimit":                        [ {"version": "[12.2.1.4,)", "wlst_mode": "both",    "wlst_name": "FailOverLimit",                       "wlst_path": "WP001", "value": {"default": -1       }, "wlst_type": "integer"          } ],
        "InitialBootDelaySeconds":              [ {"version": "[12.2,12.2.1.1)", "wlst_mode": "both", "wlst_name": "InitialBootDelaySeconds",            "wlst_path": "WP001", "value": {"default": -1       }, "wlst_type": "long"             },
                                                  {"version": "[12.2.1.1,)", "wlst_mode": "both",    "wlst_name": "InitialBootDelaySeconds",             "wlst_path": "WP001", "value": {"default": 60       }, "wlst_type": "long"             } ],
        "InsertsPerBatchMaximum":               [ {"version": "[10,)",       "wlst_mode": "both",    "wlst_name": "InsertsPerBatchMaximum",              "wlst_path": "WP001", "value": {"default": 20       }, "wlst_type": "integer",         "restart_required": "true" } ],
        "LogicalName":                          [ {"version": "[10,)",       "wlst_mode": "both",    "wlst_name": "LogicalName",                         "wlst_path": "WP001", "value": {"default": "None"   }, "wlst_type": "string"           } ],
        "MigrationPolicy":                      [ {"version": "[12.2,)",     "wlst_mode": "both",    "wlst_name": "MigrationPolicy",                     "wlst_path": "WP001", "value": {"default": "${None:Off}" }, "wlst_type": "string",       "restart_required": "true" } ],
        "Notes":                                [ {"version": "[10,)",       "wlst_mode": "both",    "wlst_name": "Notes",                               "wlst_path": "WP001", "value": {"default": "None"   }, "wlst_type": "string"           } ],
        "NumberOfRestartAttempts":              [ {"version": "[12.2,)",     "wlst_mode": "both",    "wlst_name": "NumberOfRestartAttempts",             "wlst_path": "WP001", "value": {"default": 6        }, "wlst_type": "integer"          } ],
        "OraclePiggybackCommitEnabled":         [ {"version": "[12.1.3,)",   "wlst_mode": "both",    "wlst_name": "OraclePiggybackCommitEnabled",        "wlst_path": "WP001", "value": {"default": "false"  }, "wlst_type": "boolean",         "restart_required": "true" } ],
        "PartialClusterStabilityDelaySeconds":  [ {"version": "[12.2,12.2.1.1)", "wlst_mode": "both", "wlst_name": "PartialClusterStabilityDelaySeconds", "wlst_path": "WP001", "value": {"default": -1      }, "wlst_type": "long"             },
                                                  {"version": "[12.2.1.1,)", "wlst_mode": "both",    "wlst_name": "PartialClusterStabilityDelaySeconds", "wlst_path": "WP001", "value": {"default": 240      }, "wlst_type": "long"             } ],
        "PrefixName":                           [ {"version": "[10,)",       "wlst_mode": "both",    "wlst_name": "PrefixName",                          "wlst_path": "WP001", "value": {"default": "None"   }, "wlst_type": "string",          "restart_required": "true" } ],
        "ReconnectRetryIntervalMillis":         [ {"version": "[12.2,)",     "wlst_mode": "both",    "wlst_name": "ReconnectRetryIntervalMillis",        "wlst_path": "WP001", "value": {"default": 200      }, "wlst_type": "integer",         "restart_required": "true" } ],
        "ReconnectRetryPeriodMillis":           [ {"version": "[12.2,)",     "wlst_mode": "both",    "wlst_name": "ReconnectRetryPeriodMillis",          "wlst_path": "WP001", "value": {"default": 1000     }, "wlst_type": "integer",         "restart_required": "true" } ],
        "RestartInPlace":                       [ {"version": "[12.2,12.2.1.2)", "wlst_mode": "both", "wlst_name": "RestartInPlace",                     "wlst_path": "WP001", "value": {"default": "true"   }, "wlst_type": "boolean"          },
                                                  {"version": "[12.2.1.2,)", "wlst_mode": "both",    "wlst_name": "RestartInPlace",                      "wlst_path": "WP001", "value": {"default": "false"  }, "wlst_type": "boolean"          } ],
        "SecondsBetweenRestarts":               [ {"version": "[12.2,)",     "wlst_mode": "both",    "wlst_name": "SecondsBetweenRestarts",              "wlst_path": "WP001", "value": {"default": 30       }, "wlst_type": "integer"          } ],
        "Target":                               [ {"version": "[10,)",       "wlst_mode": "offline", "wlst_name": "Target",                              "wlst_path": "WP001", "value": {"default": "None"   }, "wlst_type": "delimited_string", "set_method": "MBEAN.set_target_mbeans" },
                                                  {"version": "[10,)",       "wlst_mode": "online",  "wlst_name": "Targets",                             "wlst_path": "WP002", "value": {"default": "None"   }, "wlst_type": "jarray",          "get_method": "GET", "preferred_model_type": "delimited_string", "set_method": "MBEAN.set_target_mbeans", "set_mbean_type": "weblogic.management.configuration.TargetMBean"} ],
        "ThreeStepThreshold":                   [ {"version": "[10,12.1.2)", "wlst_mode": "online",  "wlst_name": "ThreeStepThreshold",                  "wlst_path": "WP001", "value": {"default": 200000   }, "wlst_type": "integer",         "restart_required": "true" },
                                                  {"version": "[12.1.2,)",   "wlst_mode": "both",    "wlst_name": "ThreeStepThreshold",                  "wlst_path": "WP001", "value": {"default": 200000   }, "wlst_type": "integer",         "restart_required": "true" } ],
        "WorkerCount":                          [ {"version": "[10,12.1.2)", "wlst_mode": "online",  "wlst_name": "WorkerCount",                         "wlst_path": "WP001", "value": {"default": 1        }, "wlst_type": "integer",         "restart_required": "true" },
                                                  {"version": "[12.1.2,)",   "wlst_mode": "both",    "wlst_name": "WorkerCount",                         "wlst_path": "WP001", "value": {"default": 1        }, "wlst_type": "integer",         "restart_required": "true" } ],
        "WorkerPreferredBatchSize":             [ {"version": "[10,12.1.2)", "wlst_mode": "online",  "wlst_name": "WorkerPreferredBatchSize",            "wlst_path": "WP001", "value": {"default": 10       }, "wlst_type": "integer",         "restart_required": "true" },
                                                  {"version": "[12.1.2,)",   "wlst_mode": "both",    "wlst_name": "WorkerPreferredBatchSize",            "wlst_path": "WP001", "value": {"default": 10       }, "wlst_type": "integer",         "restart_required": "true" } ],
        "XAResourceName":                       [ {"version": "[10,)",       "wlst_mode": "both",    "wlst_name": "XAResourceName",                      "wlst_path": "WP001", "value": {"default": "None"   }, "wlst_type": "string",          "access": "${:RO}" } ]
    },
    "wlst_attributes_path": "WP001",
    "wlst_paths": {
        "WP001": "/JDBCStore${:s}/%JDBCSTORE%",
        "WP002": "/JDBCStore${:s}/%JDBCSTORE%/Targets"
    }
}
