{
    "copyright": "Copyright (c) 2017, 2020, Oracle Corporation and/or its affiliates.  All rights reserved.",
    "license": "Licensed under the Universal Permissive License v 1.0 as shown at https://oss.oracle.com/licenses/upl",
    "wlst_type": "JDBCSystemResource${:s}",
    "child_folders_type": "multiple",
    "short_name": "JDBC",
    "folders": {
        "JdbcResource" : {
            "wlst_type": "${Jdbc:JDBC}Resource",
            "default_name_value": "%DATASOURCE%",
            "folders": {
                "JDBCConnectionPoolParams": {
                    "wlst_type": "JDBCConnectionPoolParams",
                    "default_name_value": "${NO_NAME_0:%DATASOURCE%}",
                    "folders": {},
                    "attributes": {
                        "CapacityIncrement":                     [ {"version": "[10,)",       "wlst_mode": "both",    "wlst_name": "CapacityIncrement",                      "wlst_path": "WP001", "value": {"default": "${None:1}"          },  "wlst_type": "integer",       "get_method": "LSA"} ],
                        "ConnectionCreationRetryFrequencySeconds": [ {"version": "[10,)",     "wlst_mode": "both",    "wlst_name": "ConnectionCreationRetryFrequencySeconds","wlst_path": "WP001", "value": {"default": "${None:0}"          },  "wlst_type": "integer",       "get_method": "LSA"} ],
                        "ConnectionHarvestMaxCount":             [ {"version": "[10,12.2.1.1)", "wlst_mode": "online", "wlst_name": "ConnectionHarvestMaxCount",             "wlst_path": "WP001", "value": {"default": 1                    },  "wlst_type": "integer"        },
                                                                   {"version": "[12.2.1.1,)", "wlst_mode": "both",    "wlst_name": "ConnectionHarvestMaxCount",              "wlst_path": "WP001", "value": {"default": "${None:1}"          },  "wlst_type": "integer",       "get_method": "GET" } ],
                        "ConnectionHarvestTriggerCount":         [ {"version": "[10,12.2.1.1)", "wlst_mode": "online", "wlst_name": "ConnectionHarvestTriggerCount",         "wlst_path": "WP001", "value": {"default": -1                   },  "wlst_type": "integer"        },
                                                                   {"version": "[12.2.1.1,)", "wlst_mode": "both",    "wlst_name": "ConnectionHarvestTriggerCount",          "wlst_path": "WP001", "value": {"default": "${None:-1}"         },  "wlst_type": "integer"        } ],
                        "ConnectionLabelingCallback":            [ {"version": "[10.3.6,)",   "wlst_mode": "both",    "wlst_name": "ConnectionLabelingCallback",             "wlst_path": "WP001", "value": {"default": "None"               },  "wlst_type": "string"         } ],
                        "ConnectionReserveTimeoutSeconds":       [ {"version": "[10,)",       "wlst_mode": "both",    "wlst_name": "ConnectionReserveTimeoutSeconds",        "wlst_path": "WP001", "value": {"default": "${None:10}"         },  "wlst_type": "integer",       "get_method": "LSA"} ],
                        "CountOfRefreshFailuresTillDisable":     [ {"version": "[12.1.2,)",   "wlst_mode": "both",    "wlst_name": "CountOfRefreshFailuresTillDisable",      "wlst_path": "WP001", "value": {"default": "${None:2}"          },  "wlst_type": "integer",       "get_method": "LSA"} ],
                        "CountOfTestFailuresTillFlush":          [ {"version": "[12.1.2,)",   "wlst_mode": "both",    "wlst_name": "CountOfTestFailuresTillFlush",           "wlst_path": "WP001", "value": {"default": "${None:2}"          },  "wlst_type": "integer",       "get_method": "LSA"} ],
                        "CredentialMappingEnabled":              [ {"version": "[10,)",       "wlst_mode": "both",    "wlst_name": "CredentialMappingEnabled",               "wlst_path": "WP001", "value": {"default": "${None:false}"      },  "wlst_type": "boolean"        } ],
                        "DriverInterceptor":                     [ {"version": "[10,)",       "wlst_mode": "both",    "wlst_name": "DriverInterceptor",                      "wlst_path": "WP001", "value": {"default": "None"               },  "wlst_type": "string"         } ],
                        "FatalErrorCodes":                       [ {"version": "[10.3.6,)",   "wlst_mode": "both",    "wlst_name": "FatalErrorCodes",                        "wlst_path": "WP001", "value": {"default": "None"               },  "wlst_type": "string"         } ],
                        "HighestNumWaiters":                     [ {"version": "[10,)",       "wlst_mode": "both",    "wlst_name": "HighestNumWaiters",                      "wlst_path": "WP001", "value": {"default": "${None:2147483647}" },  "wlst_type": "integer",       "get_method": "LSA"} ],
                        "IdentityBasedConnectionPoolingEnabled": [ {"version": "[10,)",       "wlst_mode": "both",    "wlst_name": "IdentityBasedConnectionPoolingEnabled",  "wlst_path": "WP001", "value": {"default": "${None:false}"      },  "wlst_type": "boolean",       "get_method": "LSA"} ],
                        "IgnoreInUseConnectionsEnabled":         [ {"version": "[10,)",       "wlst_mode": "both",    "wlst_name": "IgnoreInUseConnectionsEnabled",          "wlst_path": "WP001", "value": {"default": "${None:true}"       },  "wlst_type": "boolean"        } ],
                        "InactiveConnectionTimeoutSeconds":      [ {"version": "[10,)",       "wlst_mode": "both",    "wlst_name": "InactiveConnectionTimeoutSeconds",       "wlst_path": "WP001", "value": {"default": "${None:0}"          },  "wlst_type": "integer",       "get_method": "LSA"} ],
                        "InitSql":                               [ {"version": "[10,)",       "wlst_mode": "both",    "wlst_name": "InitSql",                                "wlst_path": "WP001", "value": {"default": "None"               },  "wlst_type": "string"         } ],
                        "InitialCapacity":                       [ {"version": "[10,)",       "wlst_mode": "both",    "wlst_name": "InitialCapacity",                        "wlst_path": "WP001", "value": {"default": "${None:1}"          },  "wlst_type": "integer",       "get_method": "LSA"} ],
                        "InvokeBeginEndRequest":                 [ {"version": "[14,)",       "wlst_mode": "both",    "wlst_name": "InvokeBeginEndRequest",                  "wlst_path": "WP001", "value": {"default": "false"              },  "wlst_type": "boolean"        } ],
                        "JDBCXADebugLevel":                      [ {"version": "[10,)",       "wlst_mode": "both",    "wlst_name": "JDBCXADebugLevel",                       "wlst_path": "WP001", "value": {"default": "${None:10}"         },  "wlst_type": "integer",       "get_method": "LSA"} ],
                        "LoginDelaySeconds":                     [ {"version": "[10,)",       "wlst_mode": "both",    "wlst_name": "LoginDelaySeconds",                      "wlst_path": "WP001", "value": {"default": "${None:0}"          },  "wlst_type": "integer"        } ],
                        "MaxCapacity":                           [ {"version": "[10,)",       "wlst_mode": "both",    "wlst_name": "MaxCapacity",                            "wlst_path": "WP001", "value": {"default": "${None:15}"         },  "wlst_type": "integer",       "get_method": "LSA"} ],
                        "MinCapacity":                           [ {"version": "[10.3.6,)",   "wlst_mode": "both",    "wlst_name": "MinCapacity",                            "wlst_path": "WP001", "value": {"default": "${None:1}"          },  "wlst_type": "integer",       "get_method": "LSA"} ],
                        "PinnedToThread":                        [ {"version": "[10,)",       "wlst_mode": "both",    "wlst_name": "PinnedToThread",                         "wlst_path": "WP001", "value": {"default": "${None:false}"      },  "wlst_type": "boolean",       "get_method": "LSA"} ],
                        "ProfileConnectionLeakTimeoutSeconds":   [ {"version": "[12.2.1,)",   "wlst_mode": "both",    "wlst_name": "ProfileConnectionLeakTimeoutSeconds",    "wlst_path": "WP001", "value": {"default": "${None:0}"          },  "wlst_type": "integer",       "get_method": "LSA"} ],
                        "ProfileHarvestFrequencySeconds":        [ {"version": "[10,)",       "wlst_mode": "both",    "wlst_name": "ProfileHarvestFrequencySeconds",         "wlst_path": "WP001", "value": {"default": "${None:300}"        },  "wlst_type": "integer",       "get_method": "LSA"} ],
                        "ProfileType":                           [ {"version": "[10,)",       "wlst_mode": "both",    "wlst_name": "ProfileType",                            "wlst_path": "WP001", "value": {"default": "${None:0}"          },  "wlst_type": "integer",       "get_method": "LSA"} ],
                        "RemoveInfectedConnections":             [ {"version": "[10,)",       "wlst_mode": "both",    "wlst_name": "RemoveInfectedConnections",              "wlst_path": "WP001", "value": {"default": "${None:true}"       },  "wlst_type": "boolean",       "get_method": "LSA"} ],
                        "SecondsToTrustAnIdlePoolConnection":    [ {"version": "[10,)",       "wlst_mode": "both",    "wlst_name": "SecondsToTrustAnIdlePoolConnection",     "wlst_path": "WP001", "value": {"default": "${None:10}"         },  "wlst_type": "integer",       "get_method": "LSA"} ],
                        "ShrinkFrequencySeconds":                [ {"version": "[10,)",       "wlst_mode": "both",    "wlst_name": "ShrinkFrequencySeconds",                 "wlst_path": "WP001", "value": {"default": "${None:900}"        },  "wlst_type": "integer",       "get_method": "LSA"} ],
                        "StatementCacheSize":                    [ {"version": "[10,)",       "wlst_mode": "both",    "wlst_name": "StatementCacheSize",                     "wlst_path": "WP001", "value": {"default": "${None:10}"         },  "wlst_type": "integer"        } ],
                        "StatementCacheType":                    [ {"version": "[10,)",       "wlst_mode": "both",    "wlst_name": "StatementCacheType",                     "wlst_path": "WP001", "value": {"default": "${None:LRU}"        },  "wlst_type": "string"         } ],
                        "StatementTimeout":                      [ {"version": "[10,)",       "wlst_mode": "both",    "wlst_name": "StatementTimeout",                       "wlst_path": "WP001", "value": {"default": "${None:-1}"         },  "wlst_type": "integer",       "get_method": "LSA"} ],
                        "TestConnectionsOnReserve":              [ {"version": "[10,)",       "wlst_mode": "both",    "wlst_name": "TestConnectionsOnReserve",               "wlst_path": "WP001", "value": {"default": "${None:false}"      },  "wlst_type": "boolean",       "get_method": "LSA"} ],
                        "TestFrequencySeconds":                  [ {"version": "[10,)",       "wlst_mode": "both",    "wlst_name": "TestFrequencySeconds",                   "wlst_path": "WP001", "value": {"default": "${None:120}"        },  "wlst_type": "integer",       "get_method": "LSA"} ],
                        "TestTableName":                         [ {"version": "[10,)",       "wlst_mode": "both",    "wlst_name": "TestTableName",                          "wlst_path": "WP001", "value": {"default": "None"               },  "wlst_type": "string"         } ],
                        "WrapTypes":                             [ {"version": "[10,)",       "wlst_mode": "both",    "wlst_name": "WrapTypes",                              "wlst_path": "WP001", "value": {"default": "${None:true}"       },  "wlst_type": "boolean",       "get_method": "LSA"} ],
                        "WrapJdbc":                              [ {"version": "[12.1.2,)",   "wlst_mode": "both",    "wlst_name": "WrapJdbc",                               "wlst_path": "WP001", "value": {"default": "${None:true}"       },  "wlst_type": "boolean",       "get_method": "LSA"} ]
                    },
                    "wlst_attributes_path": "WP001",
                    "wlst_paths": {
                        "WP001": "/JDBCSystemResource${:s}/%DATASOURCE%/${Jdbc:JDBC}Resource/%JDBCRESOURCE%/JDBCConnectionPoolParams/%JDBCCONNECTIONPOOLPARAMS%"
                    }
                },
                "JDBCDataSourceParams": {
                    "wlst_type": "JDBCDataSourceParams",
                    "default_name_value": "${NO_NAME_0:%DATASOURCE%}",
                    "folders": {},
                    "attributes": {
                        "AlgorithmType":                         [ {"version": "[10,)",       "wlst_mode": "both",    "wlst_name": "AlgorithmType",                          "wlst_path": "WP001", "value": {"default": "${None:Failover}"      },  "wlst_type": "string"           } ],
                        "DataSourceList":                        [ {"version": "[10,)",       "wlst_mode": "both",    "wlst_name": "DataSourceList",                         "wlst_path": "WP001", "value": {"default": "None"                  },  "wlst_type": "delimited_string" } ],
                        "ConnectionPoolFailoverCallbackHandler": [ {"version": "[10,)",       "wlst_mode": "both",    "wlst_name": "ConnectionPoolFailoverCallbackHandler",  "wlst_path": "WP001", "value": {"default": "None"                  },  "wlst_type": "string"           } ],
                        "FailoverRequestIfBusy":                 [ {"version": "[10,)",       "wlst_mode": "both",    "wlst_name": "FailoverRequestIfBusy",                  "wlst_path": "WP001", "value": {"default": "${None:false}"         },  "wlst_type": "boolean",         "get_method": "LSA"} ],
                        "GlobalTransactionsProtocol":            [ {"version": "[10,)",       "wlst_mode": "both",    "wlst_name": "GlobalTransactionsProtocol",             "wlst_path": "WP001", "value": {"default": "OnePhaseCommit"        },  "wlst_type": "string"           } ],
                        "KeepConnAfterGlobalTx":                 [ {"version": "[10,)",   "wlst_mode": "both",    "wlst_name": "KeepConnAfterGlobalTx",                  "wlst_path": "WP001", "value": {"default": "${None:false}"         },  "wlst_type": "boolean",         "get_method": "LSA"} ],
                        "KeepConnAfterLocalTx":                  [ {"version": "[10,)",   "wlst_mode": "both",    "wlst_name": "KeepConnAfterLocalTx",                   "wlst_path": "WP001", "value": {"default": "${None:true}"          },  "wlst_type": "boolean",         "get_method": "LSA"} ],
                        "RowPrefetch":                           [ {"version": "[10,)",       "wlst_mode": "both",    "wlst_name": "RowPrefetch",                            "wlst_path": "WP001", "value": {"default": "${None:false}"         },  "wlst_type": "boolean",         "get_method": "LSA"} ],
                        "RowPrefetchSize":                       [ {"version": "[10,)",       "wlst_mode": "both",    "wlst_name": "RowPrefetchSize",                        "wlst_path": "WP001", "value": {"default": "${None:48}"            },  "wlst_type": "integer",         "get_method": "LSA"} ],
                        "JNDIName":                              [ {"version": "[10,)",       "wlst_mode": "both",    "wlst_name": "JNDIName${:s}",                          "wlst_path": "WP001", "value": {"default": "None"                  },  "wlst_type": "${list:jarray}",  "wlst_read_type": "delimited_string[semicolon]", "get_method": "${LSA:GET}", "preferred_model_type": "delimited_string"} ],
                        "Scope":                                 [ {"version": "[10,)",       "wlst_mode": "both",    "wlst_name": "Scope",                                  "wlst_path": "WP001", "value": {"default": "${None:Global}"        },  "wlst_type": "string",          "get_method": "LSA"} ],
                        "ProxySwitchingCallback":                [ {"version": "[12.2.1,)",   "wlst_mode": "both",    "wlst_name": "ProxySwitchingCallback",                 "wlst_path": "WP001", "value": {"default": "None"                  },  "wlst_type": "string"           } ],
                        "ProxySwitchingProperties":              [ {"version": "[12.2.1,)",   "wlst_mode": "both",    "wlst_name": "ProxySwitchingProperties",               "wlst_path": "WP001", "value": {"default": "None"                  },  "wlst_type": "string"}          ],
                        "StreamChunkSize":                       [ {"version": "[10,)",       "wlst_mode": "both",    "wlst_name": "StreamChunkSize",                        "wlst_path": "WP001", "value": {"default": "${None:256}"           },  "wlst_type": "integer",         "get_method": "LSA"} ]
                    },
                    "wlst_attributes_path": "WP001",
                    "wlst_paths": {
                        "WP001": "/JDBCSystemResource${:s}/%DATASOURCE%/${Jdbc:JDBC}Resource/%JDBCRESOURCE%/JDBCDataSourceParams/%JDBCDATASOURCEPARAMS%"
                    }
                },
                "JDBCDriverParams": {
                    "wlst_type": "JDBCDriverParams",
                    "default_name_value": "${NO_NAME_0:%DATASOURCE%}",
                    "folders": {
                        "Properties": {
                            "wlst_type": "Propert${y:ies}",
                            "child_folders_type": "multiple",
                            "flattened_folder_data": {
                                "wlst_type": "Properties",
                                "name_value": "${NO_NAME_0:%DATASOURCE%}",
                                "path_token": "PROPERTIES"
                            },
                            "folders": { },
                            "attributes": {
                                "EncryptedValueEncrypted":  [ {"version": "[12.1.3,)", "wlst_mode": "both",    "wlst_name": "EncryptedValueEncrypted",   "wlst_path": "WP001", "value": {"default": "None" },  "wlst_type": "password", "get_method": "GET"} ],
                                "Value":                    [ {"version": "[10,)",     "wlst_mode": "both",    "wlst_name": "Value",                     "wlst_path": "WP001", "value": {"default": ""     },  "wlst_type": "string"    } ],
                                "SysPropValue":             [ {"version": "[10,)",     "wlst_mode": "both",    "wlst_name": "SysPropValue",              "wlst_path": "WP001", "value": {"default": ""     },  "wlst_type": "string"    } ]
                            },
                            "wlst_attributes_path": "WP001",
                            "wlst_paths": {
                                "WP001": "/JDBCSystemResource${:s}/%DATASOURCE%/${Jdbc:JDBC}Resource/%JDBCRESOURCE%/JDBCDriverParams/%JDBCDRIVERPARAMS%/Properties/%PROPERTIES%/Propert${y:ies}/%PROPERTY_NAME%"
                            }
                        }
                    },
                    "attributes": {
                        "DriverName":                 [ {"version": "[10,)",     "wlst_mode": "both",    "wlst_name": "DriverName",                 "wlst_path": "WP001", "value": {"default": "None"                              },  "wlst_type": "string"    } ],
                        "URL":                        [ {"version": "[10,)",     "wlst_mode": "offline", "wlst_name": "URL",                        "wlst_path": "WP001", "value": {"default": "jdbc:bea:oracle://"                },  "wlst_type": "string"    } ,
                                                        {"version": "[10,)",     "wlst_mode": "online",  "wlst_name": "Url",                        "wlst_path": "WP001", "value": {"default": "None"                              },  "wlst_type": "string"    } ],
                        "PasswordEncrypted":          [ {"version": "[10,)",     "wlst_mode": "both",    "wlst_name": "PasswordEncrypted",          "wlst_path": "WP001", "value": {"default": "None"                              },  "wlst_type": "password", "get_method": "GET"} ],
                        "UsePasswordIndirection":     [ {"version": "[10,)",     "wlst_mode": "both",    "wlst_name": "UsePasswordIndirection",     "wlst_path": "WP001", "value": {"default": "${None:false}"                     },  "wlst_type": "boolean",  "get_method": "LSA"} ],
                        "UseXaDataSourceInterface":   [ {"version": "[10,)",     "wlst_mode": "both",    "wlst_name": "UseXaDataSourceInterface",   "wlst_path": "WP001", "value": {"default": "${None:true}"                      },  "wlst_type": "boolean",  "get_method": "LSA"} ]
                    },
                    "wlst_attributes_path": "WP001",
                    "wlst_paths": {
                        "WP001": "/JDBCSystemResource${:s}/%DATASOURCE%/${Jdbc:JDBC}Resource/%JDBCRESOURCE%/JDBCDriverParams/%JDBCDRIVERPARAMS%"
                    }
                },
                "JDBCOracleParams": {
                    "wlst_type": "JDBCOracleParams",
                    "default_name_value": "${NO_NAME_0:%DATASOURCE%}",
                    "folders": {},
                    "attributes": {
                        "ActiveGridlink":                    [ {"version": "[12.1.2,)",   "wlst_mode": "both",    "wlst_name": "ActiveGridlink",                    "wlst_path": "WP001", "value": {"default": "${None:false}"        },  "wlst_type": "boolean",        "get_method": "LSA"} ],
                        "AffinityPolicy":                    [ {"version": "[10,)",       "wlst_mode": "both",    "wlst_name": "AffinityPolicy",                    "wlst_path": "WP001", "value": {"default": "${None:Session}"      },  "wlst_type": "string"          } ],
                        "ConnectionInitializationCallback":  [ {"version": "[10,)",       "wlst_mode": "both",    "wlst_name": "ConnectionInitializationCallback",  "wlst_path": "WP001", "value": {"default": "None"                 },  "wlst_type": "string"          } ],
                        "FanEnabled":                        [ {"version": "[10,)",       "wlst_mode": "both",    "wlst_name": "FanEnabled",                        "wlst_path": "WP001", "value": {"default": "${None:false}"        },  "wlst_type": "boolean"         } ],
                        "OnsNodeList":                       [ {"version": "[10,)",       "wlst_mode": "both",    "wlst_name": "OnsNodeList",                       "wlst_path": "WP001", "value": {"default": "None"                 },  "wlst_type": "delimited_string"} ],
                        "OnsWalletFile":                     [ {"version": "[10,)",       "wlst_mode": "both",    "wlst_name": "OnsWalletFile",                     "wlst_path": "WP001", "value": {"default": "None"                 },  "wlst_type": "string"          } ],
                        "OnsWalletPasswordEncrypted":        [ {"version": "[10,)",       "wlst_mode": "both",    "wlst_name": "OnsWalletPasswordEncrypted",        "wlst_path": "WP001", "value": {"default": "None"                 },  "wlst_type": "password",       "get_method": "GET"} ],
                        "OracleEnableJavaNetFastPath":       [ {"version": "[10,)",       "wlst_mode": "both",    "wlst_name": "OracleEnableJavaNetFastPath",       "wlst_path": "WP001", "value": {"default": "${None:false}"        },  "wlst_type": "boolean",        "get_method": "LSA"} ],
                        "OracleOptimizeUtf8Conversion":      [ {"version": "[10,)",       "wlst_mode": "both",    "wlst_name": "OracleOptimizeUtf8Conversion",      "wlst_path": "WP001", "value": {"default": "${None:false}"        },  "wlst_type": "boolean",        "get_method": "LSA"} ],
                        "OracleProxySession":                [ {"version": "[10,)",       "wlst_mode": "both",    "wlst_name": "OracleProxySession",                "wlst_path": "WP001", "value": {"default": "${None:false}"        },  "wlst_type": "boolean",        "get_method": "LSA"} ],
                        "ReplayInitiationTimeout":           [ {"version": "[12.1.2,)",   "wlst_mode": "both",    "wlst_name": "ReplayInitiationTimeout",           "wlst_path": "WP001", "value": {"default": "${None:3600}"         },  "wlst_type": "integer",        "get_method": "LSA"} ],
                        "UseDatabaseCredentials":            [ {"version": "[10,)",       "wlst_mode": "both",    "wlst_name": "UseDatabaseCredentials",            "wlst_path": "WP001", "value": {"default": "${None:false}"        },  "wlst_type": "boolean",        "get_method": "LSA"} ]
                    },
                    "wlst_attributes_path": "WP001",
                    "wlst_paths": {
                        "WP001": "/JDBCSystemResource${:s}/%DATASOURCE%/${Jdbc:JDBC}Resource/%JDBCRESOURCE%/JDBCOracleParams/%JDBCORACLEPARAMS%"
                    }
                },
                "JDBCXAParams": {
                    "wlst_type": "JDBCXAParams",
                    "default_name_value": "${NO_NAME_0:%DATASOURCE%}",
                    "folders": {},
                    "attributes": {
                        "KeepLogicalConnOpenOnRelease":        [ {"version": "[10,)",     "wlst_mode": "both",    "wlst_name": "KeepLogicalConnOpenOnRelease",   "wlst_path": "WP001", "value": {"default": "${None:false}"  },  "wlst_type": "boolean", "get_method": "LSA"} ],
                        "KeepXaConnTillTxComplete":            [ {"version": "[10,)",     "wlst_mode": "both",    "wlst_name": "KeepXaConnTillTxComplete",       "wlst_path": "WP001", "value": {"default": "${None:true}"   },  "wlst_type": "boolean", "get_method": "LSA"} ],
                        "NeedTxCtxOnClose":                    [ {"version": "[10,)",     "wlst_mode": "both",    "wlst_name": "NeedTxCtxOnClose",               "wlst_path": "WP001", "value": {"default": "${None:false}"  },  "wlst_type": "boolean", "get_method": "LSA"} ],
                        "NewXaConnForCommit":                  [ {"version": "[10,)",     "wlst_mode": "both",    "wlst_name": "NewXaConnForCommit",             "wlst_path": "WP001", "value": {"default": "${None:false}"  },  "wlst_type": "boolean", "get_method": "LSA"} ],
                        "RecoverOnlyOnce":                     [ {"version": "[10,)",     "wlst_mode": "both",    "wlst_name": "RecoverOnlyOnce",                "wlst_path": "WP001", "value": {"default": "${None:false}"  },  "wlst_type": "boolean", "get_method": "LSA"} ],
                        "ResourceHealthMonitoring":            [ {"version": "[10,)",     "wlst_mode": "both",    "wlst_name": "ResourceHealthMonitoring",       "wlst_path": "WP001", "value": {"default": "${None:true}"   },  "wlst_type": "boolean", "get_method": "LSA"} ],
                        "RollbackLocalTxUponConnClose":        [ {"version": "[10,)",     "wlst_mode": "both",    "wlst_name": "RollbackLocalTxUponConnClose",   "wlst_path": "WP001", "value": {"default": "${None:false}"  },  "wlst_type": "boolean", "get_method": "LSA"} ],
                        "XaEndOnlyOnce":                       [ {"version": "[10,)",     "wlst_mode": "both",    "wlst_name": "XaEndOnlyOnce",                  "wlst_path": "WP001", "value": {"default": "${None:false}"  },  "wlst_type": "boolean", "get_method": "LSA"} ],
                        "XaRetryDurationSeconds":              [ {"version": "[10,)",     "wlst_mode": "both",    "wlst_name": "XaRetryDurationSeconds",         "wlst_path": "WP001", "value": {"default": "${None:0}"      },  "wlst_type": "integer", "get_method": "LSA"} ],
                        "XaRetryIntervalSeconds":              [ {"version": "[10,)",     "wlst_mode": "both",    "wlst_name": "XaRetryIntervalSeconds",         "wlst_path": "WP001", "value": {"default": "${None:60}"     },  "wlst_type": "integer", "get_method": "LSA"} ],
                        "XaSetTransactionTimeout":             [ {"version": "[10,)",     "wlst_mode": "both",    "wlst_name": "XaSetTransactionTimeout",        "wlst_path": "WP001", "value": {"default": "${None:false}"  },  "wlst_type": "boolean", "get_method": "LSA"} ],
                        "XaTransactionTimeout":                [ {"version": "[10,)",     "wlst_mode": "both",    "wlst_name": "XaTransactionTimeout",           "wlst_path": "WP001", "value": {"default": "${None:0}"      },  "wlst_type": "integer", "get_method": "LSA"} ]
                    },
                    "wlst_attributes_path": "WP001",
                    "wlst_paths": {
                        "WP001": "/JDBCSystemResource${:s}/%DATASOURCE%/${Jdbc:JDBC}Resource/%JDBCRESOURCE%/JDBCXAParams/%JDBCXAPARAMS%"
                    }
                }
            },
            "attributes": {
                "DatasourceType":   [ {"version": "[12.2.1,)",     "wlst_mode": "both",    "wlst_name": "DatasourceType",   "wlst_path": "WP001", "value": {"default": "None" },  "wlst_type": "string"} ],
                "Version":          [ {"version": "[10,)",         "wlst_mode": "both",    "wlst_name": "Version",          "wlst_path": "WP001", "value": {"default": "None" },  "wlst_type": "string"} ]
            },
            "wlst_attributes_path": "WP001",
            "wlst_paths": {
                "WP001": "/JDBCSystemResource${:s}/%DATASOURCE%/${Jdbc:JDBC}Resource/%JDBCRESOURCE%"
            }
        },
        "SubDeployment" : {
            "wlst_type": "SubDeployment${:s}",
            "child_folders_type": "multiple",
            "folders": {},
            "attributes": {
                "CompatibilityName":   [ {"version": "[10,)",       "wlst_mode": "both",    "wlst_name": "CompatibilityName",   "wlst_path": "WP001", "value": {"default": "None"}, "wlst_type": "string"           } ],
                "ModuleType":          [ {"version": "[10,)",       "wlst_mode": "both",    "wlst_name": "ModuleType",          "wlst_path": "WP001", "value": {"default": "None"}, "wlst_type": "string"           } ],
                "Notes":               [ {"version": "[10,)",       "wlst_mode": "both",    "wlst_name": "Notes",               "wlst_path": "WP001", "value": {"default": "None"}, "wlst_type": "string"           } ],
                "Target":              [ {"version": "[10,)",       "wlst_mode": "offline", "wlst_name": "Target",              "wlst_path": "WP001", "value": {"default": "None"}, "wlst_type": "delimited_string", "set_method": "MBEAN.set_target_mbeans" },
                                         {"version": "[10,)",       "wlst_mode": "online",  "wlst_name": "Targets",             "wlst_path": "WP002", "value": {"default": "None"}, "wlst_type": "jarray",          "get_method": "GET", "preferred_model_type": "delimited_string", "set_method": "MBEAN.set_target_mbeans", "set_mbean_type": "weblogic.management.configuration.TargetMBean"} ],
                "Untargeted":          [ {"version": "[12.2.1,)",   "wlst_mode": "both",    "wlst_name": "Untargeted",          "wlst_path": "WP001", "value": {"default": "false"}, "wlst_type": "boolean"         } ]
            },
            "wlst_attributes_path": "WP001",
            "wlst_paths": {
                "WP001": "/JDBCSystemResource${:s}/%DATASOURCE%/SubDeployment${:s}/%SUBDEPLOYMENT%",
                "WP002": "/JDBCSystemResource${:s}/%DATASOURCE%/SubDeployment${:s}/%SUBDEPLOYMENT%/Targets"
            }
        }
    },
    "attributes": {
        "CompatibilityName":       [ {"version": "[10,)",     "wlst_mode": "both",    "wlst_name": "CompatibilityName",       "wlst_path": "WP001", "value": {"default": "None" }, "wlst_type": "string"           } ],
        "DescriptorFileName":      [ {"version": "[10,)",     "wlst_mode": "both",    "wlst_name": "DescriptorFileName",      "wlst_path": "WP001", "value": {"default": "None" }, "wlst_type": "string",          "access": "${:RO}"} ],
        "DeploymentOrder":         [ {"version": "[10,)",     "wlst_mode": "both",    "wlst_name": "DeploymentOrder",         "wlst_path": "WP001", "value": {"default": 100    }, "wlst_type": "integer"          } ],
        "DeploymentPrincipalName": [ {"version": "[10,)",     "wlst_mode": "both",    "wlst_name": "DeploymentPrincipalName", "wlst_path": "WP001", "value": {"default": "None" }, "wlst_type": "string"           } ],
        "ModuleType":              [ {"version": "[10,)",     "wlst_mode": "both",    "wlst_name": "ModuleType",              "wlst_path": "WP001", "value": {"default": "None" }, "wlst_type": "string"           } ],
        "Notes":                   [ {"version": "[10,)",     "wlst_mode": "both",    "wlst_name": "Notes",                   "wlst_path": "WP001", "value": {"default": "None" }, "wlst_type": "string"           } ],
        "PartitionName":           [ {"version": "[12.2.1,)", "wlst_mode": "online",  "wlst_name": "PartitionName",           "wlst_path": "WP001", "value": {"default": "None" }, "wlst_type": "string",          "get_method": "GET", "access": "RO" } ],
        "SourcePath":              [ {"version": "[10,)",     "wlst_mode": "both",    "wlst_name": "SourcePath",              "wlst_path": "WP001", "value": {"default": "None" }, "wlst_type": "string"           } ],
        "Target":                  [ {"version": "[10,)",     "wlst_mode": "offline", "wlst_name": "Target",                  "wlst_path": "WP001", "value": {"default": "None" }, "wlst_type": "delimited_string", "set_method": "MBEAN.set_target_mbeans" },
                                     {"version": "[10,)",     "wlst_mode": "online",  "wlst_name": "Targets",                 "wlst_path": "WP002", "value": {"default": "None" }, "wlst_type": "jarray",          "get_method": "GET", "preferred_model_type": "delimited_string", "set_method": "MBEAN.set_target_mbeans", "set_mbean_type": "weblogic.management.configuration.TargetMBean"} ]
    },
    "wlst_attributes_path": "WP001",
    "wlst_paths": {
        "WP001": "/JDBCSystemResource${:s}/%DATASOURCE%",
        "WP002": "/JDBCSystemResource${:s}/%DATASOURCE%/Targets"
    }
}
