{
    "copyright": "Copyright (c) 2017, 2019, Oracle Corporation and/or its affiliates.  All rights reserved.",
    "license": "Licensed under the Universal Permissive License v 1.0 as shown at https://oss.oracle.com/licenses/upl",
    "wlst_type": "JMSBridgeDestination${:s}",
    "child_folders_type": "multiple",
    "short_name": "Bridge",
    "folders": {},
    "attributes": {
        "AdapterJNDIName":                         [ {"version": "[10,)",  "wlst_mode": "both",    "wlst_name": "AdapterJNDIName",                        "wlst_path": "WP001", "value": {"default": "eis.jms.WLSConnectionFactoryJNDIXA"    },    "wlst_type": "string",     "restart_required": "true" } ],
        "Classpath":                               [ {"version": "[10,)",  "wlst_mode": "both",    "wlst_name": "Classpath",                              "wlst_path": "WP001", "value": {"default": "None"                                  },    "wlst_type": "string",     "restart_required": "true" } ],
        "ConnectionFactoryJndiName":               [ {"version": "[10,)",  "wlst_mode": "both",    "wlst_name": "ConnectionFactory${JndiName:JNDIName}",  "wlst_path": "WP001", "value": {"default": "None"                                  },    "wlst_type": "string",     "get_method": "LSA", "restart_required": "true"} ],
        "ConnectionURL":                           [ {"version": "[10,)",  "wlst_mode": "both",    "wlst_name": "ConnectionURL",                          "wlst_path": "WP001", "value": {"default": "None"                                  },    "wlst_type": "string",     "restart_required": "true" } ],
        "DestinationJNDIName":                     [ {"version": "[10,)",  "wlst_mode": "both",    "wlst_name": "DestinationJNDIName",                    "wlst_path": "WP001", "value": {"default": "None"                                  },    "wlst_type": "string",     "restart_required": "true" } ],
        "DestinationType":                         [ {"version": "[10,)",  "wlst_mode": "both",    "wlst_name": "DestinationType",                        "wlst_path": "WP001", "value": {"default": "${None:Queue}"                         },    "wlst_type": "string",     "restart_required": "true" } ],
        "InitialContextFactory":                   [ {"version": "[10,)",  "wlst_mode": "both",    "wlst_name": "InitialContextFactory",                  "wlst_path": "WP001", "value": {"default": "weblogic.jndi.WLInitialContextFactory" },    "wlst_type": "string",     "restart_required": "true" } ],
        "Notes":                                   [ {"version": "[10,)",  "wlst_mode": "both",    "wlst_name": "Notes",                                  "wlst_path": "WP001", "value": {"default": "None"                                  },    "wlst_type": "string"      } ],
        "UserName":                                [ {"version": "[10,)",  "wlst_mode": "both",    "wlst_name": "UserName",                               "wlst_path": "WP001", "value": {"default": "None"                                  },    "wlst_type": "credential", "restart_required": "true"} ],
        "UserPasswordEncrypted":                   [ {"version": "[10,)",  "wlst_mode": "both",    "wlst_name": "UserPasswordEncrypted",                  "wlst_path": "WP001", "value": {"default": "None"                                  },    "wlst_type": "password",   "get_method": "GET"} ]
    },
    "wlst_attributes_path": "WP001",
    "wlst_paths": {
        "WP001": "/JMSBridgeDestination${:s}/%JMSBRIDGEDESTINATION%"
    }
}
