{
    "copyright": "Copyright (c) 2017, 2019, Oracle Corporation and/or its affiliates.  All rights reserved.",
    "license": "Licensed under the Universal Permissive License v 1.0 as shown at https://oss.oracle.com/licenses/upl",
    "wlst_type": "JMX",
    "default_name_value": "${NO_NAME_0:%DOMAIN%}",
    "folders": {},
    "attributes": {
        "CompatibilityMBeanServerEnabled":   [ {"version": "[10,)",           "wlst_mode": "both",    "wlst_name": "CompatibilityMBeanServerEnabled",   "wlst_path": "WP001", "value": {"default": "true"          }, "wlst_type": "boolean"  } ],
        "DomainMBeanServerEnabled":          [ {"version": "[10,)",           "wlst_mode": "both",    "wlst_name": "DomainMBeanServerEnabled",          "wlst_path": "WP001", "value": {"default": "true"          }, "wlst_type": "boolean"  } ],
        "EditMBeanServerEnabled":            [ {"version": "[10,)",           "wlst_mode": "both",    "wlst_name": "EditMBeanServerEnabled",            "wlst_path": "WP001", "value": {"default": "true"          }, "wlst_type": "boolean"  } ],
        "InvocationTimeoutSeconds":          [ {"version": "[10,)",           "wlst_mode": "both",    "wlst_name": "InvocationTimeoutSeconds",          "wlst_path": "WP001", "value": {"default": 0               }, "wlst_type": "integer"  } ],
        "ManagedServerNotificationsEnabled": [ {"version": "[12.1.2,)",       "wlst_mode": "both",    "wlst_name": "ManagedServerNotificationsEnabled", "wlst_path": "WP001", "value": {"default": "true"          }, "wlst_type": "boolean"  } ],
        "ManagementAppletCreateEnabled":     [ {"version": "[12.2.1.3,)",     "wlst_mode": "both",    "wlst_name": "ManagementAppletCreateEnabled",     "wlst_path": "WP001", "value": {"default": "false"         }, "wlst_type": "boolean"  } ],
        "ManagementEJBEnabled":              [ {"version": "[10,)",           "wlst_mode": "both",    "wlst_name": "ManagementEJBEnabled",              "wlst_path": "WP001", "value": {"default": "true"          }, "wlst_type": "boolean"  } ],
        "Notes":                             [ {"version": "[10,)",           "wlst_mode": "both",    "wlst_name": "Notes",                             "wlst_path": "WP001", "value": {"default": "None"          }, "wlst_type": "string"   } ],
        "PlatformMBeanServerEnabled":        [ {"version": "[10,)",           "wlst_mode": "both",    "wlst_name": "PlatformMBeanServerEnabled",        "wlst_path": "WP001", "value": {"default": "false"         }, "wlst_type": "boolean", "restart_required": "true"} ],
        "PlatformMBeanServerUsed":           [ {"version": "[10,)",           "wlst_mode": "both",    "wlst_name": "PlatformMBeanServerUsed",           "wlst_path": "WP001", "value": {"default": "${false:true}" }, "wlst_type": "boolean", "restart_required": "true"} ],
        "RuntimeMBeanServerEnabled":         [ {"version": "[10,)",           "wlst_mode": "both",    "wlst_name": "RuntimeMBeanServerEnabled",         "wlst_path": "WP001", "value": {"default": "true"          }, "wlst_type": "boolean"  } ]
    },
    "wlst_attributes_path": "WP001",
    "wlst_paths": {
        "WP001": "/JMX/%JMX%"
    }
}
