{
  "copyright": "Copyright (c) 2020, Oracle Corporation and/or its affiliates.",
  "license": "Licensed under the Universal Permissive License v 1.0 as shown at https://oss.oracle.com/licenses/upl",
  "wlst_type": "JoltConnectionPool${:s}",
  "child_folders_type": "multiple",
  "short_name": "Jolt",
  "folders": {},
  "attributes": {
    "ApplicationPasswordEncrypted":               [ {"version": "[10,)",         "wlst_mode": "both",    "wlst_name": "ApplicationPasswordEncrypted",       "wlst_path": "WP001", "value": {"default": "None"               }, "wlst_type": "password" ,                      "get_method":  "GET"} ],
    "DeploymentOrder":                            [ {"version": "[10,)",         "wlst_mode": "both",    "wlst_name": "DeploymentOrder",                    "wlst_path": "WP001", "value": {"default": 1000                 }, "wlst_type": "integer"                         } ],
    "FailoverAddress":                            [ {"version": "[10,)",         "wlst_mode": "both",    "wlst_name": "FailoverAddress${:es}",              "wlst_path": "WP001", "value": {"default": "[] "                }, "wlst_type": "${delimited_string:jarray}",     "get_method": "${LSA:GET}", "preferred_model_type": "delimited_string"          } ],
    "KeyPassPhraseEncrypted":                     [ {"version": "[10,)",         "wlst_mode": "both",    "wlst_name": "KeyPassPhraseEncrypted",             "wlst_path": "WP001", "value": {"default": "None"               }, "wlst_type": "password",                       "get_method": "GET" } ],
    "KeyStoreName":                               [ {"version": "[10,)",         "wlst_mode": "both",    "wlst_name": "KeyStoreName",                       "wlst_path": "WP001", "value": {"default": "None"               }, "wlst_type": "string"                          } ],
    "KeyStorePassPhraseEncrypted":                [ {"version": "[10,)",         "wlst_mode": "both",    "wlst_name": "KeyStorePassPhraseEncrypted",        "wlst_path": "WP001", "value": {"default": "None"               }, "wlst_type": "password",                       "get_method": "GET" } ],
    "MaximumPoolSize":                            [ {"version": "[10,)",         "wlst_mode": "both",    "wlst_name": "MaximumPoolSize",                    "wlst_path": "WP001", "value": {"default": 1                    }, "wlst_type": "integer"                         } ],
    "MinimumPoolSize":                            [ {"version": "[10,)",         "wlst_mode": "both",    "wlst_name": "MinimumPoolSize",                    "wlst_path": "WP001", "value": {"default": 0                    }, "wlst_type": "integer"                         } ],
    "Notes":                                      [ {"version": "[10,)",         "wlst_mode": "both",    "wlst_name": "Notes",                              "wlst_path": "WP001", "value": {"default": "None"               }, "wlst_type": "string"                          } ],
    "PrimaryAddress":                             [ {"version": "[10,)",         "wlst_mode": "both",    "wlst_name": "PrimaryAddress${:es}",               "wlst_path": "WP001", "value": {"default": "[] "                }, "wlst_type": "${delimited_string:jarray}",     "get_method": "${LSA:GET}", "preferred_model_type": "delimited_string"          } ],
    "RecvTimeout":                                [ {"version": "[10,)",         "wlst_mode": "both",    "wlst_name": "RecvTimeout",                        "wlst_path": "WP001", "value": {"default": 0                    }, "wlst_type": "integer"                         } ],
    "SecurityContextEnabled":                     [ {"version": "[10,)",         "wlst_mode": "both",    "wlst_name": "SecurityContextEnabled",             "wlst_path": "WP001", "value": {"default": "false"              }, "wlst_type": "boolean"                         } ],
    "Target":                                     [ {"version": "[10,)",         "wlst_mode": "both",    "wlst_name": "Target${:s}",                        "wlst_path": "WP003", "value": {"default": "None"               }, "wlst_type": "${delimited_string:jarray}",    "preferred_model_type": "delimited_string", "get_method": "${LSA:GET}", "set_method": "MBEAN.set_target_mbeans", "set_mbean_type": "weblogic.management.configuration.TargetMBean"} ],
    "TrustStoreName":                             [ {"version": "[10,)",         "wlst_mode": "both",    "wlst_name": "TrustStoreName",                     "wlst_path": "WP001", "value": {"default": "None"               }, "wlst_type": "string"                          } ],
    "TrustStorePassPhraseEncrypted":              [ {"version": "[10,)",         "wlst_mode": "both",    "wlst_name": "TrustStorePassPhraseEncrypted",      "wlst_path": "WP001", "value": {"default": "None"               }, "wlst_type": "password",                       "get_method": "GET" } ],
    "UserName":                                   [ {"version": "[10,)",         "wlst_mode": "both",    "wlst_name": "UserName",                           "wlst_path": "WP001", "value": {"default": "None"               }, "wlst_type": "string"                          } ],
    "UserPasswordEncrypted":                      [ {"version": "[10,)",         "wlst_mode": "both",    "wlst_name": "UserPasswordEncrypted",              "wlst_path": "WP001", "value": {"default": "None"               }, "wlst_type": "password",                       "get_method": "GET" } ],
    "UserRole":                                   [ {"version": "[10,)",         "wlst_mode": "both",    "wlst_name": "UserRole",                           "wlst_path": "WP001", "value": {"default": "None"               }, "wlst_type": "string"                          } ]

  },
  "wlst_attributes_path": "WP001",
  "wlst_paths": {
    "WP001": "/JoltConnectionPool${:s}/%JOLT%",
    "WP003": "/JoltConnectionPool${:s}/%JOLT%/Targets"
  }
}