{
  "copyright": "Copyright (c) 2020, Oracle Corporation and/or its affiliates.",
  "license": "Licensed under the Universal Permissive License v 1.0 as shown at https://oss.oracle.com/licenses/upl",
  "wlst_type": "JPA",
  "default_name_value": "${NO_NAME_0:%DOMAIN%}",
  "folder_params": [{
    "version": "[10,12.1.3)",
    "wlst_mode": "online"
  }, {
    "version": "[12.1.3,)"
  }],
  "folders": {},
  "attributes": {
    "DefaultJpaProvider":    [ {"version": "[10,12.1.3)",  "wlst_mode": "online", "wlst_name": "DefaultJPAProvider",          "wlst_path": "WP001", "value": {"default": "org.eclipse.persistence.jpa.PersistenceProvider"  }, "wlst_type": "string"         } ,
                               {"version": "[12.1.3,)",    "wlst_mode": "both",   "wlst_name": "Default${Jpa:JPA}Provider",   "wlst_path": "WP001", "value": {"default": "org.eclipse.persistence.jpa.PersistenceProvider"  }, "wlst_type": "string"         } ],
    "Notes":                 [ {"version": "[10,)",        "wlst_mode": "both",   "wlst_name": "Notes",                       "wlst_path": "WP001", "value": {"default": "None"                                             }, "wlst_type": "string"         } ]
  },
  "wlst_attributes_path": "WP001",
  "wlst_paths": {
    "WP001": "/JPA/%JPA%"
  }
}
