{
    "copyright": "Copyright (c) 2017, 2019, Oracle Corporation and/or its affiliates.  All rights reserved.",
    "license": "Licensed under the Universal Permissive License v 1.0 as shown at https://oss.oracle.com/licenses/upl",
    "wlst_type": "JTA",
    "default_name_value": "${NO_NAME_0:%DOMAIN%}",
    "folders": {},
    "attributes": {
        "AbandonTimeoutSeconds":                      [ {"version": "[10,)",       "wlst_mode": "both",   "wlst_name": "AbandonTimeoutSeconds",                        "wlst_path": "WP001", "value": {"default": 86400                     }, "wlst_type": "integer"         } ],
        "BeforeCompletionIterationLimit":             [ {"version": "[10,)",       "wlst_mode": "both",   "wlst_name": "BeforeCompletionIterationLimit",               "wlst_path": "WP001", "value": {"default": 10                        }, "wlst_type": "integer"         } ],
        "CheckpointIntervalSeconds":                  [ {"version": "[10,)",       "wlst_mode": "both",   "wlst_name": "CheckpointIntervalSeconds",                    "wlst_path": "WP001", "value": {"default": 300                       }, "wlst_type": "integer"         } ],
        "ClusterwideRecoveryEnabled":                 [ {"version": "[12.1.2,)",   "wlst_mode": "both",   "wlst_name": "ClusterwideRecoveryEnabled",                   "wlst_path": "WP001", "value": {"default": "false"                   }, "wlst_type": "boolean"         } ],
        "CompletionTimeoutSeconds":                   [ {"version": "[10,)",       "wlst_mode": "both",   "wlst_name": "CompletionTimeoutSeconds",                     "wlst_path": "WP001", "value": {"default": 0                         }, "wlst_type": "integer"         } ],
        "CrossDomainRecoveryRetryInterval":           [ {"version": "[12.2.1,)",   "wlst_mode": "both",   "wlst_name": "CrossDomainRecoveryRetryInterval",             "wlst_path": "WP001", "value": {"default": 60                        }, "wlst_type": "integer"         } ],
        "CrossSiteRecoveryLeaseExpiration":           [ {"version": "[12.2.1.1,)", "wlst_mode": "both",   "wlst_name": "CrossSiteRecoveryLeaseExpiration",             "wlst_path": "WP001", "value": {"default": 30                        }, "wlst_type": "integer"         } ],
        "CrossSiteRecoveryLeaseUpdate":               [ {"version": "[12.2.1.1,)", "wlst_mode": "both",   "wlst_name": "CrossSiteRecoveryLeaseUpdate",                 "wlst_path": "WP001", "value": {"default": 10                        }, "wlst_type": "integer"         } ],
        "CrossSiteRecoveryRetryInterval":             [ {"version": "[12.2.1.1,)", "wlst_mode": "both",   "wlst_name": "CrossSiteRecoveryRetryInterval",               "wlst_path": "WP001", "value": {"default": 60                        }, "wlst_type": "integer"         } ],
        "DeterminerCandidateResourceInfoList":        [ {"version": "[12.2.1,)",   "wlst_mode": "online", "wlst_name": "DeterminerCandidateResourceInfoList",          "wlst_path": "WP001", "value": {"default": "[]"                      }, "wlst_type": "jarray",         "access": "RO"  } ],
        "Determiner":                                 [ {"version": "[12.1.3,)",   "wlst_mode": "both",   "wlst_name": "Determiner${:s}",                              "wlst_path": "WP001", "value": {"default": "None"                    }, "wlst_type": "delimited_string" , "get_method": "LSA" } ],
        "ForgetHeuristics":                           [ {"version": "[10,)",       "wlst_mode": "both",   "wlst_name": "ForgetHeuristics",                             "wlst_path": "WP001", "value": {"default": "true"                    }, "wlst_type": "boolean"         } ],
        "MaxResourceRequestsOnServer":                [ {"version": "[10,)",       "wlst_mode": "both",   "wlst_name": "MaxResourceRequestsOnServer",                  "wlst_path": "WP001", "value": {"default": 50                        }, "wlst_type": "integer"         } ],
        "MaxResourceUnavailableMillis":               [ {"version": "[10,)",       "wlst_mode": "both",   "wlst_name": "MaxResourceUnavailableMillis",                 "wlst_path": "WP001", "value": {"default": 1800000                   }, "wlst_type": "long"            } ],
        "MaxRetrySecondsBeforeDeterminerFail":        [ {"version": "[12.2.1,)",   "wlst_mode": "both",   "wlst_name": "MaxRetrySecondsBeforeDeterminerFail",          "wlst_path": "WP001", "value": {"default": 300                       }, "wlst_type": "integer"         } ],
        "MaxTransactions":                            [ {"version": "[10,)",       "wlst_mode": "both",   "wlst_name": "MaxTransactions",                              "wlst_path": "WP001", "value": {"default": 10000                     }, "wlst_type": "integer"         } ],
        "MaxTransactionsHealthIntervalMillis":        [ {"version": "[10,)",       "wlst_mode": "both",   "wlst_name": "MaxTransactionsHealthIntervalMillis",          "wlst_path": "WP001", "value": {"default": 60000                     }, "wlst_type": "long",           "get_method": "${LSA:GET}" } ],
        "MaxUniqueNameStatistics":                    [ {"version": "[10,)",       "wlst_mode": "both",   "wlst_name": "MaxUniqueNameStatistics",                      "wlst_path": "WP001", "value": {"default": 1000                      }, "wlst_type": "integer"         } ],
        "MaxXACallMillis":                            [ {"version": "[10,)",       "wlst_mode": "both",   "wlst_name": "MaxXACallMillis",                              "wlst_path": "WP001", "value": {"default": 120000                    }, "wlst_type": "long"            } ],
        "MigrationCheckpointIntervalSeconds":         [ {"version": "[10,)",       "wlst_mode": "both",   "wlst_name": "MigrationCheckpointIntervalSeconds",           "wlst_path": "WP001", "value": {"default": 60                        }, "wlst_type": "integer",        "get_method": "${LSA:GET}" } ],
        "Notes":                                      [ {"version": "[10,)",       "wlst_mode": "both",   "wlst_name": "Notes",                                        "wlst_path": "WP001", "value": {"default": "None"                    }, "wlst_type": "string"          } ],
        "ParallelXADispatchPolicy":                   [ {"version": "[10,)",       "wlst_mode": "both",   "wlst_name": "ParallelXADispatchPolicy",                     "wlst_path": "WP001", "value": {"default": "None"                    }, "wlst_type": "string",         "get_method": "${LSA:GET}" } ],
        "ParallelXAEnabled":                          [ {"version": "[10,)",       "wlst_mode": "both",   "wlst_name": "ParallelXAEnabled",                            "wlst_path": "WP001", "value": {"default": "true"                    }, "wlst_type": "boolean"         } ],
        "PurgeResourceFromCheckpointIntervalSeconds": [ {"version": "[10,)",       "wlst_mode": "both",   "wlst_name": "PurgeResourceFromCheckpointIntervalSeconds",   "wlst_path": "WP001", "value": {"default": 86400                     }, "wlst_type": "integer",        "get_method": "${LSA:GET}" } ],
        "RecoverySiteName":                           [ {"version": "[12.2.1,)",   "wlst_mode": "both",   "wlst_name": "RecoverySiteName",                             "wlst_path": "WP001", "value": {"default": "None"                    }, "wlst_type": "string"          } ],
        "RecoveryThresholdMillis":                    [ {"version": "[10,)",       "wlst_mode": "both",   "wlst_name": "RecoveryThresholdMillis",                      "wlst_path": "WP001", "value": {"default": 300000                    }, "wlst_type": "long",           "get_method": "${LSA:GET}" } ],
        "SecurityInteropMode":                        [ {"version": "[10,)",       "wlst_mode": "both",   "wlst_name": "SecurityInteropMode",                          "wlst_path": "WP001", "value": {"default": "${None:default}"         }, "wlst_type": "string",         "restart_required": "true"} ],
        "SerializeEnlistmentsGCIntervalMillis":       [ {"version": "[10,)",       "wlst_mode": "both",   "wlst_name": "SerializeEnlistmentsGCIntervalMillis",         "wlst_path": "WP001", "value": {"default": 30000                     }, "wlst_type": "long"            } ],
        "ShutdownGracePeriod":                        [ {"version": "[12.2.1,)",   "wlst_mode": "both",   "wlst_name": "ShutdownGracePeriod",                          "wlst_path": "WP001", "value": {"default": 180                       }, "wlst_type": "integer"         } ],
        "TightlyCoupledTransactionsEnabled":          [ {"version": "[12.1.2,)",   "wlst_mode": "both",   "wlst_name": "TightlyCoupledTransactionsEnabled",            "wlst_path": "WP001", "value": {"default": "false"                   }, "wlst_type": "boolean"         } ],
        "TimeoutSeconds":                             [ {"version": "[10,)",       "wlst_mode": "both",   "wlst_name": "TimeoutSeconds",                               "wlst_path": "WP001", "value": {"default": 30                        }, "wlst_type": "integer"         } ],
        "TlogWriteWhenDeterminerExistsEnabled":       [ {"version": "[12.1.3,)",   "wlst_mode": "both",   "wlst_name": "${Tlog:TLOG}WriteWhenDeterminerExistsEnabled", "wlst_path": "WP001", "value": {"default": "false"                   }, "wlst_type": "boolean"         } ],
        "TwoPhaseEnabled":                            [ {"version": "[10,)",       "wlst_mode": "both",   "wlst_name": "TwoPhaseEnabled",                              "wlst_path": "WP001", "value": {"default": "true"                    }, "wlst_type": "boolean"         } ],
        "UnregisterResourceGracePeriod":              [ {"version": "[10,)",       "wlst_mode": "both",   "wlst_name": "UnregisterResourceGracePeriod",                "wlst_path": "WP001", "value": {"default": 30                        }, "wlst_type": "integer"         } ],
        "UseNonSecureAddressesForDomain":             [ {"version": "[12.2.1.4,)", "wlst_mode": "both",   "wlst_name": "UseNonSecureAddressesForDomain${:s}",          "wlst_path": "WP001", "value": {"default": "None"                    }, "wlst_type": "${delimited_string:jarray}", "get_method": "${LSA:GET}", "preferred_model_type": "delimited_string" } ],
        "UsePublicAddressesForRemoteDomain":          [ {"version": "[12.2.1.4,)", "wlst_mode": "both",   "wlst_name": "UsePublicAddressesForRemoteDomain${:s}",       "wlst_path": "WP001", "value": {"default": "None"                    }, "wlst_type": "${delimited_string:jarray}", "get_method": "${LSA:GET}", "preferred_model_type": "delimited_string" } ],
        "WsatIssuedTokenEnabled":                     [ {"version": "[10,)",       "wlst_mode": "both",   "wlst_name": "${Wsat:WSAT}IssuedTokenEnabled",               "wlst_path": "WP001", "value": {"default": "false"                   }, "wlst_type": "boolean",        "get_method": "LSA" } ],
        "WsatTransportSecurityMode":                  [ {"version": "[10,12.2.1)", "wlst_mode": "both",   "wlst_name": "${Wsat:WSAT}TransportSecurityMode",            "wlst_path": "WP001", "value": {"default": "${None:SSLNotRequired}"  }, "wlst_type": "string",         "restart_required": "true" },
                                                        {"version": "[12.2.1,)",   "wlst_mode": "both",   "wlst_name": "${Wsat:WSAT}TransportSecurityMode",            "wlst_path": "WP001", "value": {"default": "${None:SSLNotRequired}"  }, "wlst_type": "string"          } ]
    },
    "wlst_attributes_path": "WP001",
    "wlst_paths": {
        "WP001": "/JTA/%JTA%"
    }
}
