{
    "copyright": "Copyright (c) 2017, 2020, Oracle Corporation and/or its affiliates.  All rights reserved.",
    "license": "Licensed under the Universal Permissive License v 1.0 as shown at https://oss.oracle.com/licenses/upl",
    "wlst_type": "Librar${y:ies}",
    "child_folders_type": "multiple",
    "short_name": "Lib",
    "folders": {
        "SubDeployment" : {
            "wlst_type": "SubDeployment${:s}",
            "child_folders_type": "multiple",
            "folders": {},
            "attributes": {
                "CompatibilityName":   [ {"version": "[10,)",       "wlst_mode": "both",    "wlst_name": "CompatibilityName",       "wlst_path": "WP001", "value": { "default": "None"  }, "wlst_type": "string"           } ],
                "ModuleType":          [ {"version": "[10,)",       "wlst_mode": "both",    "wlst_name": "ModuleType",              "wlst_path": "WP001", "value": { "default": "None"  }, "wlst_type": "string"           } ],
                "Notes":               [ {"version": "[10,)",       "wlst_mode": "both",    "wlst_name": "Notes",                   "wlst_path": "WP001", "value": { "default": "None"  }, "wlst_type": "string"           } ],
                "Target":              [ {"version": "[10,)",       "wlst_mode": "offline", "wlst_name": "Target",                  "wlst_path": "WP001", "value": {"default": "None"   }, "wlst_type": "delimited_string", "set_method": "MBEAN.set_target_mbeans" },
                                         {"version": "[10,)",       "wlst_mode": "online",  "wlst_name": "Targets",                 "wlst_path": "WP002", "value": {"default": "None"   }, "wlst_type": "jarray",          "get_method": "GET", "preferred_model_type": "delimited_string", "set_method": "MBEAN.set_target_mbeans", "set_mbean_type": "weblogic.management.configuration.TargetMBean"} ],
                "Untargeted":          [ {"version": "[12.2.1,)",   "wlst_mode": "both",    "wlst_name": "Untargeted",              "wlst_path": "WP001", "value": {"default": "false"  }, "wlst_type": "boolean"          } ]
            },
            "wlst_attributes_path": "WP001",
            "wlst_paths": {
                "WP001": "/Librar${y:ies}/%LIBRARYNAME%/SubDeployment${:s}/%SUBDEPLOYMENT%",
                "WP002": "/Librar${y:ies}/%LIBRARYNAME%/SubDeployment${:s}/%SUBDEPLOYMENT%/Targets"
            }
        }
    },
    "attributes": {
        "AbsoluteAltDescriptorDir":           [ {"version": "[12.2.1,)",       "wlst_mode": "online",  "wlst_name": "AbsoluteAltDescriptorDir",          "wlst_path": "WP001", "value": { "default": "None" }, "wlst_type": "string",          "uses_path_tokens": "true", "access": "RO"} ],
        "AbsoluteAltDescriptorPath":          [ {"version": "[12.2.1,)",       "wlst_mode": "online",  "wlst_name": "AbsoluteAltDescriptorPath",         "wlst_path": "WP001", "value": { "default": "None"}, "wlst_type": "string",          "uses_path_tokens": "true", "access": "RO"} ],
        "AbsoluteInstallDir":                 [ {"version": "[10,)",           "wlst_mode": "online",  "wlst_name": "AbsoluteInstallDir",                "wlst_path": "WP001", "value": { "default": "None"  }, "wlst_type": "string",          "uses_path_tokens": "true", "access": "RO"} ],
        "AbsolutePlanDir":                    [ {"version": "[10,)",           "wlst_mode": "online",  "wlst_name": "AbsolutePlanDir",                   "wlst_path": "WP001", "value": { "default": "None"  }, "wlst_type": "string",          "uses_path_tokens": "true", "access": "RO"} ],
        "AbsolutePlanPath":                   [ {"version": "[10,)",           "wlst_mode": "online",  "wlst_name": "AbsolutePlanPath",                  "wlst_path": "WP001", "value": { "default": "None"  }, "wlst_type": "string",          "uses_path_tokens": "true", "access": "RO"} ],
        "AbsoluteSourcePath":                 [ {"version": "[10,)",           "wlst_mode": "online",  "wlst_name": "AbsoluteSourcePath",                "wlst_path": "WP001", "value": { "default": "None"  }, "wlst_type": "string",          "uses_path_tokens": "true", "access": "RO"} ],
        "AltDescriptorDir":                   [ {"version": "[12.2.1,)",       "wlst_mode": "both",    "wlst_name": "AltDescriptorDir",                  "wlst_path": "WP001", "value": { "default": "None"  }, "wlst_type": "string",          "uses_path_tokens": "true", "access": "ROD"} ],
        "AltDescriptorPath":                  [ {"version": "[10,)",           "wlst_mode": "offline", "wlst_name": "AltDescriptorPath",                 "wlst_path": "WP001", "value": { "default": "None"  }, "wlst_type": "string",          "uses_path_tokens": "true"} ],
        "AltWLSDescriptorPath":               [ {"version": "[10,)",           "wlst_mode": "offline", "wlst_name": "AltWLSDescriptorPath",              "wlst_path": "WP001", "value": { "default": "None"  }, "wlst_type": "string",          "uses_path_tokens": "true"} ],
        "ApplicationIdentifier":              [ {"version": "[10,)",           "wlst_mode": "both",    "wlst_name": "ApplicationIdentifier",             "wlst_path": "WP001", "value": { "default": "None"  }, "wlst_type": "string",          "access": "RO"            } ],
        "ApplicationName":                    [ {"version": "[10,)",           "wlst_mode": "both",    "wlst_name": "ApplicationName",                   "wlst_path": "WP001", "value": { "default": "None"  }, "wlst_type": "string",          "access": "RO"            } ],
        "AutoDeployedApp":                    [ {"version": "[10,)",           "wlst_mode": "online",  "wlst_name": "AutoDeployedApp",                   "wlst_path": "WP001", "value": { "default": "false" }, "wlst_type": "boolean",         "get_method": "GET", "access": "RO"       } ],
        "BackgroundDeployment":               [ {"version": "[10,)",           "wlst_mode": "online",  "wlst_name": "BackgroundDeployment",              "wlst_path": "WP001", "value": { "default": "false" }, "wlst_type": "boolean",         "get_method": "GET", "access": "RO"       } ],
        "CacheInAppDirectory":                [ {"version": "[10,)",           "wlst_mode": "both",    "wlst_name": "CacheInAppDirectory",               "wlst_path": "WP001", "value": { "default": "false" }, "wlst_type": "boolean"          } ],
        "CompatibilityName":                  [ {"version": "[10,)",           "wlst_mode": "both",    "wlst_name": "CompatibilityName",                 "wlst_path": "WP001", "value": { "default": "None"  }, "wlst_type": "string"           } ],
        "ConfiguredApplicationIdentifier":    [ {"version": "[12.2.1.4,)",     "wlst_mode": "online",  "wlst_name": "ConfiguredApplicationIdentifier",   "wlst_path": "WP001", "value": { "default": "None"  }, "wlst_type": "string",          "get_method": "GET" } ],
        "DeploymentOrder":                    [ {"version": "[10,)",           "wlst_mode": "both",    "wlst_name": "DeploymentOrder",                   "wlst_path": "WP001", "value": { "default": 100     }, "wlst_type": "integer"          } ],
        "DeploymentPlan":                     [ {"version": "[10,)",           "wlst_mode": "online",  "wlst_name": "DeploymentPlan",                    "wlst_path": "WP001", "value": { "default": "None"  }, "wlst_type": "string",          "access": "RO"} ],
        "DeploymentPlanExternalDescriptors":  [ {"version": "[10,)",           "wlst_mode": "online",  "wlst_name": "DeploymentPlanExternalDescriptors", "wlst_path": "WP001", "value": { "default": "None"  }, "wlst_type": "string", "access": "RO"} ],
        "DeploymentPrincipalName":            [ {"version": "[10,)",           "wlst_mode": "both",    "wlst_name": "DeploymentPrincipalName",           "wlst_path": "WP001", "value": { "default": "None"  }, "wlst_type": "string"           } ],
        "InstallDir":                         [ {"version": "[10,)",           "wlst_mode": "both",    "wlst_name": "InstallDir",                        "wlst_path": "WP001", "value": { "default": "None"  }, "wlst_type": "string",          "access": "${:RO}", "uses_path_tokens": "true"} ],
        "InternalApp":                        [ {"version": "[10,)",           "wlst_mode": "online",  "wlst_name": "InternalApp",                       "wlst_path": "WP001", "value": { "default": "false" }, "wlst_type": "boolean",         "get_method": "GET", "access": "RO" } ],
        "LocalAltDescriptorPath":             [ {"version": "[12.2.1,)",       "wlst_mode": "online",  "wlst_name": "LocalAltDescriptorPath",            "wlst_path": "WP001", "value": { "default": "None"  }, "wlst_type": "string",          "get_method": "GET", "access": "RO", "uses_path_tokens": "true" } ],
        "LocalInstallDir":                    [ {"version": "[10,)",           "wlst_mode": "online",  "wlst_name": "LocalInstallDir",                   "wlst_path": "WP001", "value": { "default": "None"  }, "wlst_type": "string",          "get_method": "GET", "access": "RO", "uses_path_tokens": "true" } ],
        "LocalPlanDir":                       [ {"version": "[10,)",           "wlst_mode": "online",  "wlst_name": "LocalPlanDir",                      "wlst_path": "WP001", "value": { "default": "None"  }, "wlst_type": "string",          "get_method": "GET", "access": "RO", "uses_path_tokens": "true" } ],
        "LocalPlanPath":                      [ {"version": "[10,)",           "wlst_mode": "online",  "wlst_name": "LocalPlanPath",                     "wlst_path": "WP001", "value": { "default": "None"  }, "wlst_type": "string",          "get_method": "GET", "access": "RO", "uses_path_tokens": "true" } ],
        "LocalSourcePath":                    [ {"version": "[10,)",           "wlst_mode": "online",  "wlst_name": "LocalSourcePath",                   "wlst_path": "WP001", "value": { "default": "None"  }, "wlst_type": "string",          "get_method": "GET", "access": "RO", "uses_path_tokens": "true" } ],
        "ModuleType":                         [ {"version": "[10,)",           "wlst_mode": "both",    "wlst_name": "ModuleType",                        "wlst_path": "WP001", "value": { "default": "None"  }, "wlst_type": "string"           } ],
        "MultiVersionApp":                    [ {"version": "[12.2.1.4,)",     "wlst_mode": "online",  "wlst_name": "MultiVersionApp",                   "wlst_path": "WP001", "value": { "default": "false" }, "wlst_type": "boolean",         "get_method": "GET" } ],
        "Notes":                              [ {"version": "[10,)",           "wlst_mode": "both",    "wlst_name": "Notes",                             "wlst_path": "WP001", "value": { "default": "None"  }, "wlst_type": "string"           } ],
        "OnDemandContextPaths":               [ {"version": "[10,)",           "wlst_mode": "online",  "wlst_name": "OnDemandContextPaths",              "wlst_path": "WP001", "value": { "default": "[]"    }, "wlst_type": "jarray",          "get_method": "GET", "access": "RO" } ],
        "OnDemandDisplayRefresh":             [ {"version": "[10,)",           "wlst_mode": "online",  "wlst_name": "OnDemandDisplayRefresh",            "wlst_path": "WP001", "value": { "default": "false" }, "wlst_type": "boolean",         "get_method": "GET", "access": "RO" } ],
        "ParallelDeployModules":              [ {"version": "[12.1.2,)",       "wlst_mode": "both",    "wlst_name": "ParallelDeployModules",             "wlst_path": "WP001", "value": { "default": "false" }, "wlst_type": "boolean"          } ],
        "PartitionName":                      [ {"version": "[12.2.1,)",       "wlst_mode": "online",  "wlst_name": "PartitionName",                     "wlst_path": "WP001", "value": { "default": "None"  }, "wlst_type": "string",          "get_method": "GET", "access": "RO" } ],
        "PlanDir":                            [ {"version": "[10,)",           "wlst_mode": "both",    "wlst_name": "PlanDir",                           "wlst_path": "WP001", "value": { "default": "None"  }, "wlst_type": "string",          "access": "${:RO}", "uses_path_tokens": "true" } ],
        "PlanPath":                           [ {"version": "[10,)",           "wlst_mode": "both",    "wlst_name": "PlanPath",                          "wlst_path": "WP001", "value": { "default": "None"  }, "wlst_type": "string",          "access": "${:ROD}", "uses_path_tokens": "true"} ],
        "PlanStagingMode":                    [ {"version": "[12.1.2,)",       "wlst_mode": "both",    "wlst_name": "PlanStagingMode",                   "wlst_path": "WP001", "value": { "default": "None"  }, "wlst_type": "string",          "access": "${:ROD}" } ],
        "RootStagingDir":                     [ {"version": "[10,)",           "wlst_mode": "online",  "wlst_name": "RootStagingDir",                    "wlst_path": "WP001", "value": { "default": "None"  }, "wlst_type": "string",          "get_method": "GET", "access": "RO", "uses_path_tokens": "true"} ],
        "SecurityDDModel":                    [ {"version": "[10,12.1.2)",     "wlst_mode": "offline", "wlst_name": "SecurityDdModel",                   "wlst_path": "WP001", "value": { "default": "DDOnly"}, "wlst_type": "string"           },
                                                {"version": "[12.1.2,12.2.1)", "wlst_mode": "offline", "wlst_name": "SecurityDDModel",                   "wlst_path": "WP001", "value": { "default": "None"  }, "wlst_type": "string"           },
                                                {"version": "[12.2.1,)",       "wlst_mode": "offline", "wlst_name": "SecurityDDModel",                   "wlst_path": "WP001", "value": { "default": "DDOnly"}, "wlst_type": "string"           },
                                                {"version": "[10,)",           "wlst_mode": "online",  "wlst_name": "SecurityDDModel",                   "wlst_path": "WP001", "value": { "default": "None"  }, "wlst_type": "string",          "access": "${:RO}"} ],
        "SourcePath":                         [ {"version": "[10,)",           "wlst_mode": "both",    "wlst_name": "SourcePath",                        "wlst_path": "WP001", "value": { "default": "None"  }, "wlst_type": "string",          "access": "${:ROD}","uses_path_tokens": "true"} ],
        "StagingMode":                        [ {"version": "[10,)",           "wlst_mode": "both",    "wlst_name": "StagingMode",                       "wlst_path": "WP001", "value": { "default": "None"  }, "wlst_type": "string",          "access": "${:ROD}"} ],
        "Target":                             [ {"version": "[10,)",           "wlst_mode": "offline", "wlst_name": "Target",                            "wlst_path": "WP001", "value": { "default": "None"  }, "wlst_type": "delimited_string", "set_method": "MBEAN.set_target_mbeans" },
                                                {"version": "[10,)",           "wlst_mode": "online",  "wlst_name": "Targets",                           "wlst_path": "WP002", "value": { "default": "None"  }, "wlst_type": "jarray",          "get_method": "GET", "preferred_model_type": "delimited_string", "set_method": "MBEAN.set_target_mbeans", "set_mbean_type": "weblogic.management.configuration.TargetMBean"} ],
        "ValidateDDSecurityData":             [ {"version": "[10,12.1.2)",     "wlst_mode": "both",    "wlst_name": "Validate${Dd:DD}SecurityData",      "wlst_path": "WP001", "value": { "default": "false" }, "wlst_type": "boolean",    "get_method": "LSA"},
                                                {"version": "[12.1.2,)",       "wlst_mode": "both",    "wlst_name": "ValidateDDSecurityData",            "wlst_path": "WP001", "value": { "default": "false" }, "wlst_type": "boolean"          } ],
        "Untargeted":                         [ {"version": "[12.2.1,)",       "wlst_mode": "both",    "wlst_name": "Untargeted",                        "wlst_path": "WP001", "value": { "default": "false" }, "wlst_type": "boolean"          } ],
        "VersionIdentifier":                  [ {"version": "[10,)",           "wlst_mode": "both",    "wlst_name": "VersionIdentifier",                 "wlst_path": "WP001", "value": { "default": "None"  }, "wlst_type": "string",          "access": "RO"  } ]
    },
    "wlst_attributes_path": "WP001",
    "wlst_paths": {
        "WP001": "/Librar${y:ies}/%LIBRARYNAME%",
        "WP002": "/Librar${y:ies}/%LIBRARYNAME%/Targets"
    }
}
