{
    "copyright": "Copyright (c) 2017, 2020, Oracle Corporation and/or its affiliates.",
    "license": "Licensed under the Universal Permissive License v 1.0 as shown at https://oss.oracle.com/licenses/upl",
    "wlst_type": "Log",
    "default_name_value": "${NO_NAME_0:%DOMAIN%}",
    "folders": {},
    "attributes": {
        "BufferSizeKb":                                  [ {"version": "[10,)",     "wlst_mode": "both",    "wlst_name": "BufferSizeK${b:B}",                             "wlst_path": "WP001", "value": {"default": 8       }, "wlst_type": "integer"} ],
        "DateFormatPattern":                             [ {"version": "[10,12.2.1)", "wlst_mode": "both",  "wlst_name": "DateFormatPattern",                             "wlst_path": "WP001", "value": {"default": "MMM d, yyyy h:mm:ss a z"},     "wlst_type": "string", "get_method": "${LSA:GET}", "restart_required": "true" } ,
                                                           {"version": "[12.2.1,)", "wlst_mode": "both",    "wlst_name": "DateFormatPattern",                             "wlst_path": "WP001", "value": {"default": "MMM d, yyyy h:mm:ss,SSS a z"}, "wlst_type": "string", "get_method": "${LSA:GET}" } ],
        "DomainLogBroadcastFilter":                      [ {"version": "[10,)",     "wlst_mode": "both",    "wlst_name": "DomainLogBroadcastFilter",                      "wlst_path": "WP001", "value": {"default": "None"  }, "wlst_type": "string",  "set_method": "MBEAN.set_log_filter_mbean", "set_mbean_type": "weblogic.management.configuration.LogFilterMBean" } ],
        "DomainLogBroadcastSeverity":                    [ {"version": "[10,)",     "wlst_mode": "both",    "wlst_name": "DomainLogBroadcastSeverity",                    "wlst_path": "WP001", "value": {"default": "Notice"}, "wlst_type": "string" } ],
        "DomainLogBroadcasterBufferSize":                [ {"version": "[10,)",     "wlst_mode": "both",    "wlst_name": "DomainLogBroadcasterBufferSize",                "wlst_path": "WP001", "value": {"default": 10      }, "wlst_type": "integer"} ],
        "FileCount":                                     [ {"version": "[10,)",     "wlst_mode": "both",    "wlst_name": "FileCount",                                     "wlst_path": "WP001", "value": {"default": 7       }, "wlst_type": "integer"} ],
        "FileMinSize":                                   [ {"version": "[10,)",     "wlst_mode": "both",    "wlst_name": "FileMinSize",                                   "wlst_path": "WP001", "value": {"default": 500     }, "wlst_type": "integer"} ],
        "FileName":                                      [ {"version": "[10,)",     "wlst_mode": "both",    "wlst_name": "FileName",                                      "wlst_path": "WP001", "value": {"default": "logs/%DOMAIN%.log"  }, "wlst_type": "string",  "uses_path_tokens": "true" } ],
        "FileTimeSpan":                                  [ {"version": "[10,)",     "wlst_mode": "both",    "wlst_name": "FileTimeSpan",                                  "wlst_path": "WP001", "value": {"default": 24      }, "wlst_type": "integer"} ],
        "FileTimeSpanFactor":                            [ {"version": "[10,)",     "wlst_mode": "offline", "wlst_name": "FileTimeSpanFactor",                            "wlst_path": "WP001", "value": {"default": 3600000 }, "wlst_type": "long"   } ],
        "Log4jLoggingEnabled":                           [ {"version": "[10,)",     "wlst_mode": "both",    "wlst_name": "Log4jLoggingEnabled",                           "wlst_path": "WP001", "value": {"default": "false" }, "wlst_type": "boolean", "restart_required": "true"} ],
        "LogFileFilter":                                 [ {"version": "[10,)",     "wlst_mode": "both",    "wlst_name": "LogFileFilter",                                 "wlst_path": "WP001", "value": {"default": "None"  }, "wlst_type": "string", "set_method": "MBEAN.set_log_filter_mbean", "set_mbean_type": "weblogic.management.configuration.LogFilterMBean" } ],
        "LogFileRotationDir":                            [ {"version": "[10,)",     "wlst_mode": "both",    "wlst_name": "LogFileRotationDir",                            "wlst_path": "WP001", "value": {"default": "None"  }, "wlst_type": "string", "uses_path_tokens": "true" } ],
        "LogFileSeverity":                               [ {"version": "[10,)",     "wlst_mode": "both",    "wlst_name": "LogFileSeverity",                               "wlst_path": "WP001", "value": {"default": "Trace" }, "wlst_type": "string" } ],
        "LogMonitoringEnabled":                          [ {"version": "[12.2.1,)", "wlst_mode": "both",    "wlst_name": "LogMonitoringEnabled",                          "wlst_path": "WP001", "value": {"default": "true"  }, "wlst_type": "boolean"} ],
        "LogMonitoringIntervalSecs":                     [ {"version": "[12.2.1,)", "wlst_mode": "both",    "wlst_name": "LogMonitoringIntervalSecs",                     "wlst_path": "WP001", "value": {"default": 30      }, "wlst_type": "integer"} ],
        "LogMonitoringMaxThrottleMessageSignatureCount": [ {"version": "[12.2.1.1,)","wlst_mode": "online", "wlst_name": "LogMonitoringMaxThrottleMessageSignatureCount", "wlst_path": "WP001", "value": {"default": 1000    }, "wlst_type": "integer"} ,
                                                           {"version": "[12.2.1.3,)","wlst_mode": "offline","wlst_name": "LogMonitoringMaxThrottleMessageSignatureCount", "wlst_path": "WP001", "value": {"default": 1000    }, "wlst_type": "integer"} ],
        "LogMonitoringThrottleMessageLength":            [ {"version": "[12.2.1,)", "wlst_mode": "both",    "wlst_name": "LogMonitoringThrottleMessageLength",            "wlst_path": "WP001", "value": {"default": 50      }, "wlst_type": "integer"} ],
        "LogMonitoringThrottleThreshold":                [ {"version": "[12.2.1,)", "wlst_mode": "both",    "wlst_name": "LogMonitoringThrottleThreshold",                "wlst_path": "WP001", "value": {"default": 1500    }, "wlst_type": "integer"} ],
        "LoggerSeverity":                                [ {"version": "[10,)",     "wlst_mode": "both",    "wlst_name": "LoggerSeverity",                                "wlst_path": "WP001", "value": {"default": "Info" }, "wlst_type": "string" } ],
        "LoggerSeverityProperties":                      [ {"version": "[10,)",     "wlst_mode": "both",    "wlst_name": "LoggerSeverityProperties",                      "wlst_path": "WP001", "value": {"default": "None"  }, "wlst_type": "properties",   "preferred_model_type": "dict", "get_method": "GET" } ],
        "MemoryBufferFilter":                            [ {"version": "[10,)",     "wlst_mode": "both",  "wlst_name": "MemoryBufferFilter",                            "wlst_path": "WP001", "value": {"default": "None"  }, "wlst_type": "string", "set_method": "MBEAN.set_log_filter_mbean", "set_mbean_type": "weblogic.management.configuration.LogFilterMBean"} ],
        "MemoryBufferSeverity":                          [ {"version": "[10,)",     "wlst_mode": "both",    "wlst_name": "MemoryBufferSeverity",                          "wlst_path": "WP001", "value": {"default": "Trace"}, "wlst_type": "string" } ],
        "MemoryBufferSize":                              [ {"version": "[10,)",     "wlst_mode": "both",    "wlst_name": "MemoryBufferSize",                              "wlst_path": "WP001", "value": {"default": 10      }, "wlst_type": "integer"} ],
        "Notes":                                         [ {"version": "[10,)",     "wlst_mode": "both",    "wlst_name": "Notes",                                         "wlst_path": "WP001", "value": {"default": "None"  }, "wlst_type": "string" } ],
        "NumberOfFilesLimited":                          [ {"version": "[10,)",     "wlst_mode": "both",    "wlst_name": "NumberOfFilesLimited",                          "wlst_path": "WP001", "value": {"default": "true"  }, "wlst_type": "boolean"} ],
        "PlatformLoggerLevels":                          [ {"version": "[12.1.3,)", "wlst_mode": "both",    "wlst_name": "PlatformLoggerLevels",                          "wlst_path": "WP001", "value": {"default": "None"  }, "wlst_type": "properties", "preferred_model_type": "dict", "get_method": "GET" } ],
        "RedirectStderrToServerLogEnabled":              [ {"version": "[10,)",     "wlst_mode": "both",    "wlst_name": "RedirectStderrToServerLogEnabled",              "wlst_path": "WP001", "value": {"default": "false" }, "wlst_type": "boolean", "restart_required": "true"} ],
        "RedirectStdoutToServerLogEnabled":              [ {"version": "[10,)",     "wlst_mode": "both",    "wlst_name": "RedirectStdoutToServerLogEnabled",              "wlst_path": "WP001", "value": {"default": "false" }, "wlst_type": "boolean", "restart_required": "true"} ],
        "RotateLogOnStartup":                            [ {"version": "[10,)",     "wlst_mode": "both",    "wlst_name": "RotateLogOnStartup",                            "wlst_path": "WP001", "value": {"default": "true"  }, "wlst_type": "boolean"} ],
        "RotationTime":                                  [ {"version": "[10,)",     "wlst_mode": "both",    "wlst_name": "RotationTime",                                  "wlst_path": "WP001", "value": {"default": "00:00" }, "wlst_type": "string" } ],
        "RotationType":                                  [ {"version": "[10,)",     "wlst_mode": "both",    "wlst_name": "RotationType",                                  "wlst_path": "WP001", "value": {"default": "bySize"}, "wlst_type": "string" } ],
        "ServerLoggingBridgeAtRootLoggerEnabled":        [ {"version": "[12.1.3,)", "wlst_mode": "offline", "wlst_name": "ServerLoggingBridgeAtRootLoggerEnabled",        "wlst_path": "WP001", "value": {"default": "true"  }, "wlst_type": "boolean"} ],
        "ServerLoggingBridgeUseParentLoggersEnabled":    [ {"version": "[10,)",     "wlst_mode": "both",    "wlst_name": "ServerLoggingBridgeUseParentLoggersEnabled",    "wlst_path": "WP001", "value": {"default": "false" }, "wlst_type": "boolean", "restart_required": "true"} ],
        "StacktraceDepth":                               [ {"version": "[10,)",     "wlst_mode": "both",    "wlst_name": "StacktraceDepth",                               "wlst_path": "WP001", "value": {"default": 5       }, "wlst_type": "integer", "get_method": "${LSA:GET}"} ],
        "StdoutFilter":                                  [ {"version": "[10,)",     "wlst_mode": "both",    "wlst_name": "StdoutFilter",                                  "wlst_path": "WP001", "value": {"default": "None"  }, "wlst_type": "string", "set_method": "MBEAN.set_log_filter_mbean", "set_mbean_type": "weblogic.management.configuration.LogFilterMBean" } ],
        "StdoutFormat":                                  [ {"version": "[10,)",     "wlst_mode": "both",    "wlst_name": "StdoutFormat",                                  "wlst_path": "WP001", "value": {"default": "standard"}, "wlst_type": "string", "restart_required": "true" } ],
        "StdoutLogStack":                                [ {"version": "[10,)",     "wlst_mode": "both",    "wlst_name": "StdoutLogStack",                                "wlst_path": "WP001", "value": {"default": "true"  }, "wlst_type": "boolean"} ],
        "StdoutSeverity":                                [ {"version": "[10,)",     "wlst_mode": "both",    "wlst_name": "StdoutSeverity",                                "wlst_path": "WP001", "value": {"default": "Notice"}, "wlst_type": "string" } ]
    },
    "wlst_attributes_path": "WP001",
    "wlst_paths": {
        "WP001": "/Log/%LOG%"
    }
}

