{
  "copyright": "Copyright (c) 2017, 2019, Oracle Corporation and/or its affiliates.  All rights reserved.",
  "license": "Licensed under the Universal Permissive License v 1.0 as shown at https://oss.oracle.com/licenses/upl",
  "wlst_type": "LogFilter${:s}",
  "child_folders_type": "multiple",
  "short_name": "Filter",
  "folders": {},
  "attributes": {
    "FilterExpression":          [ {"version": "[10,)",     "wlst_mode": "both",    "wlst_name": "FilterExpression",          "wlst_path": "WP001", "value": {"default": "None"           }, "wlst_type": "string",                   "get_method": "${LSA:GET}" } ],
    "Notes":                     [ {"version": "[10,)",     "wlst_mode": "both",    "wlst_name": "Notes",                     "wlst_path": "WP001", "value": {"default": "None"           }, "wlst_type": "string"                     } ],
    "SeverityLevel":             [ {"version": "[10,)",     "wlst_mode": "offline", "wlst_name": "SeverityLevel",             "wlst_path": "WP001", "value": {"default": 0                }, "wlst_type": "integer"                    } ],
    "SubsystemName":             [ {"version": "[10,)",     "wlst_mode": "offline", "wlst_name": "SubsystemName",             "wlst_path": "WP001", "value": {"default": "None"           }, "wlst_type": "delimited_string",         "get_method": "LSA" } ],
    "UserId":                    [ {"version": "[10,)",     "wlst_mode": "offline", "wlst_name": "UserId",                    "wlst_path": "WP001", "value": {"default": "None"           }, "wlst_type": "delimited_string",         "get_method": "LSA" } ]
  },
  "wlst_attributes_path": "WP001",
  "wlst_paths": {
        "WP001": "/LogFilter${:s}/%LOGFILTER%"
  }
}