{
    "copyright": "Copyright (c) 2017, 2019, Oracle Corporation and/or its affiliates.  All rights reserved.",
    "license": "Licensed under the Universal Permissive License v 1.0 as shown at https://oss.oracle.com/licenses/upl",
    "wlst_type": "MailSession${:s}",
    "child_folders_type": "multiple",
    "short_name": "Mail",
    "folders": {},
    "attributes": {
        "DeploymentOrder":          [ {"version": "[10,)",        "wlst_mode": "both",    "wlst_name": "DeploymentOrder",              "wlst_path": "WP001", "value": {"default": 1000  },    "wlst_type": "integer"          } ],
        "JNDIName":                 [ {"version": "[10,)",        "wlst_mode": "both",    "wlst_name": "JNDIName",                     "wlst_path": "WP001", "value": {"default": "None"},    "wlst_type": "string"           } ],
        "Notes":                    [ {"version": "[10,)",        "wlst_mode": "both",    "wlst_name": "Notes",                        "wlst_path": "WP001", "value": {"default": "None"},    "wlst_type": "string"           } ],
        "SessionPasswordEncrypted": [ {"version": "[12.1.3,)",    "wlst_mode": "both",    "wlst_name": "SessionPasswordEncrypted",     "wlst_path": "WP001", "value": {"default": "None"},    "wlst_type": "password",        "get_method": "GET"} ],
        "Properties":               [ {"version": "[10,)",        "wlst_mode": "both",    "wlst_name": "Properties",                   "wlst_path": "WP001", "value": {"default": "None"},    "wlst_type": "properties",      "wlst_read_type": "delimited_string[semicolon]", "get_method": "${LSA:GET}" } ],
        "Target":                   [ {"version": "[10,)",        "wlst_mode": "offline", "wlst_name": "Target",                       "wlst_path": "WP001", "value": {"default": "None"   }, "wlst_type": "delimited_string", "set_method": "MBEAN.set_target_mbeans" },
                                      {"version": "[10,)",        "wlst_mode": "online",  "wlst_name": "Targets",                      "wlst_path": "WP002", "value": {"default": "None"   }, "wlst_type": "jarray",          "get_method": "GET", "preferred_model_type": "delimited_string", "set_method": "MBEAN.set_target_mbeans", "set_mbean_type": "weblogic.management.configuration.TargetMBean"} ],
        "SessionUsername":          [ {"version": "[12.1.3,)",    "wlst_mode": "both",    "wlst_name": "SessionUsername",              "wlst_path": "WP001", "value": {"default": "None"},    "wlst_type": "credential"       } ]
    },
    "wlst_attributes_path": "WP001",
    "wlst_paths": {
        "WP001": "/MailSession${:s}/%MAILSESSION%",
        "WP002": "/MailSession${:s}/%MAILSESSION%/Targets"
    }
}
