{
    "copyright": "Copyright (c) 2017, 2019, Oracle Corporation and/or its affiliates.  All rights reserved.",
    "license": "Licensed under the Universal Permissive License v 1.0 as shown at https://oss.oracle.com/licenses/upl",
    "wlst_type": "MessagingBridge${:s}",
    "child_folders_type": "multiple",
    "short_name": "Messaging",
    "folders": {},
    "attributes": {
        "AsyncEnabled":                        [ {"version": "[10,)",             "wlst_mode": "both",    "wlst_name": "AsyncEnabled",                        "wlst_path": "WP001", "value": {"default": "true"                  },  "wlst_type": "boolean",         "restart_required": "true" } ],
        "BatchInterval":                       [ {"version": "[10,)",             "wlst_mode": "both",    "wlst_name": "BatchInterval",                       "wlst_path": "WP001", "value": {"default": -1                      },  "wlst_type": "long"             } ],
        "BatchSize":                           [ {"version": "[10,)",             "wlst_mode": "both",    "wlst_name": "BatchSize",                           "wlst_path": "WP001", "value": {"default": 10                      },  "wlst_type": "integer"          } ],
        "DeploymentOrder":                     [ {"version": "[10,)",             "wlst_mode": "both",    "wlst_name": "DeploymentOrder",                     "wlst_path": "WP001", "value": {"default": 1000                    },  "wlst_type": "integer"          } ],
        "DistributionPolicy":                  [ {"version": "[12.2.1,)",         "wlst_mode": "both",    "wlst_name": "DistributionPolicy",                  "wlst_path": "WP001", "value": {"default": "${None:Distributed}"   },  "wlst_type": "string",          "restart_required": "true" } ],
        "DurabilityEnabled":                   [ {"version": "[10,)",             "wlst_mode": "both",    "wlst_name": "DurabilityEnabled",                   "wlst_path": "WP001", "value": {"default": "true"                  },  "wlst_type": "boolean",         "restart_required": "true" } ],
        "FailbackDelaySeconds":                [ {"version": "[12.2.1,)",         "wlst_mode": "both",    "wlst_name": "FailbackDelaySeconds",                "wlst_path": "WP001", "value": {"default": -1                      },  "wlst_type": "long"             } ],
        "FailOverLimit":                       [ {"version": "[12.2.1.4,)",       "wlst_mode": "both",    "wlst_name": "FailOverLimit",                       "wlst_path": "WP001", "value": {"default": -1                      },  "wlst_type": "integer"          } ],
        "IdleTimeMaximum":                     [ {"version": "[10,)",             "wlst_mode": "both",    "wlst_name": "IdleTimeMaximum",                     "wlst_path": "WP001", "value": {"default": 60                      },  "wlst_type": "integer"          } ],
        "InitialBootDelaySeconds":             [ {"version": "[12.2.1,12.2.1.1)", "wlst_mode": "both",    "wlst_name": "InitialBootDelaySeconds",             "wlst_path": "WP001", "value": {"default": -1                      },  "wlst_type": "long"             } ,
                                                 {"version": "[12.2.1.1,)",       "wlst_mode": "both",    "wlst_name": "InitialBootDelaySeconds",             "wlst_path": "WP001", "value": {"default": 60                      },  "wlst_type": "long"             } ],
        "MigrationPolicy":                     [ {"version": "[12.2.1,)",         "wlst_mode": "both",    "wlst_name": "MigrationPolicy",                     "wlst_path": "WP001", "value": {"default": "${None:Off}"           },  "wlst_type": "string",          "restart_required": "true" } ],
        "Notes":                               [ {"version": "[10,)",             "wlst_mode": "both",    "wlst_name": "Notes",                               "wlst_path": "WP001", "value": {"default": "None"                  },  "wlst_type": "string"           } ],
        "NumberOfRestartAttempts":             [ {"version": "[12.2.1,)",         "wlst_mode": "both",    "wlst_name": "NumberOfRestartAttempts",             "wlst_path": "WP001", "value": {"default": 6                       },  "wlst_type": "integer"          } ],
        "PartialClusterStabilityDelaySeconds": [ {"version": "[12.2.1,12.2.1.1)", "wlst_mode": "both",    "wlst_name": "PartialClusterStabilityDelaySeconds", "wlst_path": "WP001", "value": {"default": -1                      },  "wlst_type": "long"             } ,
                                                 {"version": "[12.2.1.1,)",       "wlst_mode": "both",    "wlst_name": "PartialClusterStabilityDelaySeconds", "wlst_path": "WP001", "value": {"default": 240                     },  "wlst_type": "long"             } ],
        "PreserveMsgProperty":                 [ {"version": "[10,)",             "wlst_mode": "both",    "wlst_name": "PreserveMsgProperty",                 "wlst_path": "WP001", "value": {"default": "false"                 },  "wlst_type": "boolean"          } ],
        "QosDegradationAllowed":               [ {"version": "[10,)",             "wlst_mode": "both",    "wlst_name": "${Qos:QOS}DegradationAllowed",        "wlst_path": "WP001", "value": {"default": "false"                 },  "wlst_type": "boolean",         "get_method": "LSA", "restart_required": "true" } ],
        "QualityOfService":                    [ {"version": "[10,)",             "wlst_mode": "both",    "wlst_name": "QualityOfService",                    "wlst_path": "WP001", "value": {"default": "${None:Exactly-once}"  },  "wlst_type": "string",          "restart_required": "true" } ],
        "ReconnectDelayIncrease":              [ {"version": "[10,)",             "wlst_mode": "both",    "wlst_name": "ReconnectDelayIncrease",              "wlst_path": "WP001", "value": {"default": 5                       },  "wlst_type": "integer"          } ],
        "ReconnectDelayMaximum":               [ {"version": "[10,)",             "wlst_mode": "both",    "wlst_name": "ReconnectDelayMaximum",               "wlst_path": "WP001", "value": {"default": 60                      },  "wlst_type": "integer"          } ],
        "ReconnectDelayMinimum":               [ {"version": "[10,)",             "wlst_mode": "both",    "wlst_name": "ReconnectDelayMinimum",               "wlst_path": "WP001", "value": {"default": 15                      },  "wlst_type": "integer"          } ],
        "RestartInPlace":                      [ {"version": "[12.2.1,12.2.1.2)", "wlst_mode": "both",    "wlst_name": "RestartInPlace",                      "wlst_path": "WP001", "value": {"default": "true"                  },  "wlst_type": "boolean"          } ,
                                                 {"version": "[12.2.1.2,)",       "wlst_mode": "both",    "wlst_name": "RestartInPlace",                      "wlst_path": "WP001", "value": {"default": "false"                 },  "wlst_type": "boolean"          } ],
        "SecondsBetweenRestarts":              [ {"version": "[12.2.1,)",         "wlst_mode": "both",    "wlst_name": "SecondsBetweenRestarts",              "wlst_path": "WP001", "value": {"default": 30                      },  "wlst_type": "integer"          } ],
        "Selector":                            [ {"version": "[10,)",             "wlst_mode": "both",    "wlst_name": "Selector",                            "wlst_path": "WP001", "value": {"default": "None"                  },  "wlst_type": "string",          "restart_required": "true" } ],
        "SourceDestination":                   [ {"version": "[10,)",             "wlst_mode": "both",    "wlst_name": "SourceDestination",                   "wlst_path": "WP001", "value": {"default": "None"                  },  "wlst_type": "string",          "get_method": "LSA", "set_method": "MBEAN.set_jms_bridge_destination_mbean", "set_mbean_type": "weblogic.j2ee.descriptor.wl.DestinationBean", "restart_required": "true" } ],
        "Started":                             [ {"version": "[10,)",             "wlst_mode": "both",    "wlst_name": "Started",                             "wlst_path": "WP001", "value": {"default": "true"                  },  "wlst_type": "boolean"          } ],
        "Target":                              [ {"version": "[10,)",             "wlst_mode": "offline", "wlst_name": "Target",                              "wlst_path": "WP001", "value": {"default": "None"                  },  "wlst_type": "delimited_string", "set_method": "MBEAN.set_target_mbeans" },
                                                 {"version": "[10,)",             "wlst_mode": "online",  "wlst_name": "Targets",                             "wlst_path": "WP002", "value": {"default": "None"                  },  "wlst_type": "jarray",          "get_method": "GET", "preferred_model_type": "delimited_string", "set_method": "MBEAN.set_target_mbeans", "set_mbean_type": "weblogic.management.configuration.TargetMBean"} ],
        "TargetDestination":                   [ {"version": "[10,)",             "wlst_mode": "both",    "wlst_name": "TargetDestination",                   "wlst_path": "WP001", "value": {"default": "None"                  },  "wlst_type": "string",          "get_method": "LSA", "set_method": "MBEAN.set_jms_bridge_destination_mbean", "set_mbean_type": "weblogic.j2ee.descriptor.wl.DestinationBean", "restart_required": "true" } ],
        "TransactionTimeout":                  [ {"version": "[10,)",             "wlst_mode": "both",    "wlst_name": "TransactionTimeout",                  "wlst_path": "WP001", "value": {"default": 30                      },  "wlst_type": "integer"          } ]
    },
    "wlst_attributes_path": "WP001",
    "wlst_paths": {
        "WP001": "/MessagingBridge${:s}/%JMSBRIDGE%",
        "WP002": "/MessagingBridge${:s}/%JMSBRIDGE%/Targets"
    }
}
