{
    "copyright": "Copyright (c) 2017, 2019, Oracle Corporation and/or its affiliates.  All rights reserved.",
    "license": "Licensed under the Universal Permissive License v 1.0 as shown at https://oss.oracle.com/licenses/upl",
    "wlst_type": "MigratableTarget${:s}",
    "version": "[12.1.3,)",
    "child_folders_type": "multiple",
    "short_name": "Migratable",
    "folders": {},
    "attributes": {
        "AdditionalMigrationAttempts":  [ {"version": "[12.1.3,)",     "wlst_mode": "both",    "wlst_name": "AdditionalMigrationAttempts",  "wlst_path": "WP001", "value": {"default": 2                    }, "wlst_type": "integer"           } ],
        "AllCandidateServers":          [ {"version": "[12.1.3,)",     "wlst_mode": "online",  "wlst_name": "AllCandidateServers",          "wlst_path": "WP001", "value": {"default": []                   }, "wlst_type": "jarray",           "preferred_model_type": "delimited_string", "get_method": "GET", "set_method": "MBEAN.set_server_mbeans", "set_mbean_type": "weblogic.management.configuration.ServerMBean"} ],
        "Cluster":                      [ {"version": "[12.1.3,)",     "wlst_mode": "both",    "wlst_name": "Cluster",                      "wlst_path": "WP001", "value": {"default": "None"               }, "wlst_type": "string",           "get_method": "LSA", "set_method": "MBEAN.set_cluster_mbean", "set_mbean_type": "weblogic.management.configuration.ClusterMBean" } ],
        "ConstrainedCandidateServer":   [ {"version": "[12.1.3,)",     "wlst_mode": "offline", "wlst_name": "ConstrainedCandidateServer",   "wlst_path": "WP001", "value": {"default": "None"               }, "wlst_type": "delimited_string", "get_method": "LSA"},
                                          {"version": "[12.1.3,)",     "wlst_mode": "online",  "wlst_name": "ConstrainedCandidateServers",  "wlst_path": "WP002", "value": {"default": "None"               }, "wlst_type": "jarray",           "preferred_model_type": "list", "get_method": "GET", "set_method": "MBEAN.set_server_mbeans", "set_mbean_type": "weblogic.management.configuration.ServerMBean" } ],
        "Critical":                     [ {"version": "[12.1.3,12.2.1)", "wlst_mode": "online","wlst_name": "Critical",                     "wlst_path": "WP001", "value": {"default": "false"              }, "wlst_type": "boolean"           } ,
                                          {"version": "[12.2.1,)",     "wlst_mode": "both",    "wlst_name": "Critical",                     "wlst_path": "WP001", "value": {"default": "false"              }, "wlst_type": "boolean"           } ],
        "DestinationServer":            [ {"version": "[12.1.3,)",     "wlst_mode": "offline", "wlst_name": "DestinationServer",            "wlst_path": "WP001", "value": {"default": "None"               }, "wlst_type": "string",           "get_method": "LSA"} ],
        "HostingServer":                [ {"version": "[12.1.3,)",     "wlst_mode": "offline", "wlst_name": "HostingServer",                "wlst_path": "WP001", "value": {"default": "None"               }, "wlst_type": "string",           "get_method": "LSA" } ,
                                          {"version": "[12.1.3,)",     "wlst_mode": "online",  "wlst_name": "HostingServer",                "wlst_path": "WP001", "value": {"default": "None"               }, "wlst_type": "string",           "access": "RO", "get_method": "GET", "set_method": "MBEAN.set_server_mbean", "set_mbean_type": "weblogic.management.configuration.ServerMBean"  } ],
        "MigrationPolicy":              [ {"version": "[12.1.3,)",     "wlst_mode": "both",    "wlst_name": "MigrationPolicy",              "wlst_path": "WP001", "value": {"default": "${None:manual}"     }, "wlst_type": "string"            } ],
        "MillisToSleepBetweenAttempts": [ {"version": "[12.1.3,)",     "wlst_mode": "both",    "wlst_name": "MillisToSleepBetweenAttempts", "wlst_path": "WP001", "value": {"default": 300000               }, "wlst_type": "integer"           } ],
        "NonLocalPostAllowed":          [ {"version": "[12.1.3,)",     "wlst_mode": "both",    "wlst_name": "NonLocalPostAllowed",          "wlst_path": "WP001", "value": {"default": "false"              }, "wlst_type": "boolean"           } ],
        "Notes":                        [ {"version": "[12.1.3,)",     "wlst_mode": "both",    "wlst_name": "Notes",                        "wlst_path": "WP001", "value": {"default": "None"               }, "wlst_type": "string" } ],
        "NumberOfRestartAttempts":      [ {"version": "[12.1.3,)",     "wlst_mode": "both",    "wlst_name": "NumberOfRestartAttempts",      "wlst_path": "WP001", "value": {"default": 6                    }, "wlst_type": "integer"           } ],
        "PostScript":                   [ {"version": "[12.1.3,)",     "wlst_mode": "both",    "wlst_name": "PostScript",                   "wlst_path": "WP001", "value": {"default": "None"               }, "wlst_type": "string"            } ],
        "PostScriptFailureFatal":       [ {"version": "[12.1.3,)",     "wlst_mode": "both",    "wlst_name": "PostScriptFailureFatal",       "wlst_path": "WP001", "value": {"default": "true"               }, "wlst_type": "boolean"           } ],
        "PreScript":                    [ {"version": "[12.1.3,)",     "wlst_mode": "both",    "wlst_name": "PreScript",                    "wlst_path": "WP001", "value": {"default": "None"               }, "wlst_type": "string"            } ],
        "RestartOnFailure":             [ {"version": "[12.1.3,)",     "wlst_mode": "both",    "wlst_name": "RestartOnFailure",             "wlst_path": "WP001", "value": {"default": "false"              }, "wlst_type": "boolean"           } ],
        "SecondsBetweenRestarts":       [ {"version": "[12.1.3,)",     "wlst_mode": "both",    "wlst_name": "SecondsBetweenRestarts",       "wlst_path": "WP001", "value": {"default": 30                   }, "wlst_type": "integer"           } ],
        "UserPreferredServer":          [ {"version": "[12.1.3,)",     "wlst_mode": "both",    "wlst_name": "UserPreferredServer",          "wlst_path": "WP001", "value": {"default": "None"               }, "wlst_type": "string",           "get_method": "LSA", "set_method": "MBEAN.set_server_mbean", "set_mbean_type": "weblogic.management.configuration.ServerMBean" } ]
    },
    "wlst_attributes_path": "WP001",
    "wlst_paths": {
        "WP001": "/MigratableTarget${:s}/%MIGRATABLE%",
        "WP002": "/MigratableTarget${:s}/%MIGRATABLE%/ConstrainedCandidateServer"
    }
}
