{
    "copyright": "Copyright (c) 2017, 2020, Oracle Corporation and/or its affiliates.",
    "license": "Licensed under the Universal Permissive License v 1.0 as shown at https://oss.oracle.com/licenses/upl",
    "wlst_type": "NMProperties",
    "wlst_mode": "offline",
    "short_name": "NMProps",
    "folders": {},
    "attributes": {
        "AuthenticationEnabled":               [ {"version": "[12.1.2,)",         "wlst_mode": "offline",    "wlst_name": "AuthenticationEnabled",                       "wlst_path": "WP001", "value": {"default": "true"                                            }, "wlst_type": "boolean",   "get_method": "LSA" } ],
        "CertificateFile":                     [ {"version": "[12.1.2,)",         "wlst_mode": "offline",    "wlst_name": "CertificateFile",                             "wlst_path": "WP001", "value": {"default": "None"                                            }, "wlst_type": "string"     } ],
        "CipherSuites":                        [ {"version": "[12.1.2,12.2.1.1)", "wlst_mode": "offline",    "wlst_name": "CipherSuite",                                 "wlst_path": "WP001", "value": {"default": "TLS_RSA_EXPORT_WITH_RC4_40_MD5"                  }, "wlst_type": "string",    "get_method": "LSA" },
                                                 {"version": "[12.2.1.1,)",       "wlst_mode": "offline",    "wlst_name": "CipherSuites",                                "wlst_path": "WP001", "value": {"default": "TLS_RSA_EXPORT_WITH_RC4_40_MD5"                  }, "wlst_type": "string",    "get_method": "LSA" } ],
        "CoherenceStartScriptEnabled":         [ {"version": "[12.1.2,12.2.1.1)", "wlst_mode": "offline",    "wlst_name": "CoherenceStartScriptEnabled",                 "wlst_path": "WP001", "value": {"default": "false"                                           }, "wlst_type": "boolean",   "get_method": "LSA" } ],
        "CoherenceStartScriptName":            [ {"version": "[12.1.2,12.2.1.1)", "wlst_mode": "offline",    "wlst_name": "CoherenceStartScriptName",                    "wlst_path": "WP001", "value": {"default": "None"                                            }, "wlst_type": "string",    "get_method": "LSA" } ],
        "CrashRecoveryEnabled":                [ {"version": "[12.1.2,)",         "wlst_mode": "offline",    "wlst_name": "CrashRecoveryEnabled",                        "wlst_path": "WP001", "value": {"default": "false"                                           }, "wlst_type": "boolean"    } ],
        "CustomIdentityAlias":                 [ {"version": "[12.1.2,)",         "wlst_mode": "offline",    "wlst_name": "CustomIdentityAlias",                         "wlst_path": "WP001", "value": {"default": "None"                                            }, "wlst_type": "string"     } ],
        "CustomIdentityKeyStoreFileName":      [ {"version": "[12.1.2,)",         "wlst_mode": "offline",    "wlst_name": "CustomIdentityKeyStoreFileName",              "wlst_path": "WP001", "value": {"default": "None"                                            }, "wlst_type": "string",    "uses_path_tokens": "true" } ],
        "CustomIdentityKeyStorePassPhrase":    [ {"version": "[12.1.2,)",         "wlst_mode": "offline",    "wlst_name": "CustomIdentityKeyStorePassPhrase",            "wlst_path": "WP001", "value": {"default": "None"                                            }, "wlst_type": "password", "get_method": "GET" } ],
        "CustomIdentityKeyStoreType":          [ {"version": "[12.1.2,)",         "wlst_mode": "offline",    "wlst_name": "CustomIdentityKeyStoreType",                  "wlst_path": "WP001", "value": {"default": "java.security"                                   }, "wlst_type": "string"     } ],
        "CustomIdentityPrivateKeyPassPhrase":  [ {"version": "[12.1.2,)",         "wlst_mode": "offline",    "wlst_name": "CustomIdentityPrivateKeyPassPhrase",          "wlst_path": "WP001", "value": {"default": "None"                                            }, "wlst_type": "password", "get_method": "GET" } ],
        "DomainRegistrationEnabled":           [ {"version": "[12.1.2,)",         "wlst_mode": "offline",    "wlst_name": "DomainRegistrationEnabled",                   "wlst_path": "WP001", "value": {"default": "false"                                           }, "wlst_type": "boolean"    } ],
        "DomainsDirRemoteSharingEnabled":      [ {"version": "[12.1.2,)",         "wlst_mode": "offline",    "wlst_name": "DomainsDirRemoteSharingEnabled",              "wlst_path": "WP001", "value": {"default": "false"                                           }, "wlst_type": "boolean"    } ],
        "DomainsFile":                         [ {"version": "[12.1.2,)",         "wlst_mode": "offline",    "wlst_name": "DomainsFile",                                 "wlst_path": "WP001", "value": {"default": "@@DOMAIN_HOME@@/nodemanager/nodemanager.domains" }, "wlst_type": "string",    "uses_path_tokens": "true" } ],
        "DomainsFileEnabled":                  [ {"version": "[12.1.2,)",         "wlst_mode": "offline",    "wlst_name": "DomainsFileEnabled",                          "wlst_path": "WP001", "value": {"default": "true"                                            }, "wlst_type": "boolean"    } ],
        "Interface":                           [ {"version": "[12.1.2,)",         "wlst_mode": "offline",    "wlst_name": "Interface",                                   "wlst_path": "WP001", "value": {"default": "None"                                            }, "wlst_type": "string"     } ],
        "InterfaceName":                       [ {"version": "[12.1.2,)",         "wlst_mode": "offline",    "wlst_name": "InterfaceName",                               "wlst_path": "WP001", "value": {"default": "None"                                            }, "wlst_type": "string"     } ],
        "JavaHome":                            [ {"version": "[12.1.2,)",         "wlst_mode": "offline",    "wlst_name": "JavaHome",                                    "wlst_path": "WP001", "value": {"default": "@@JAVA_HOME@@"                                   }, "wlst_type": "string",    "uses_path_tokens": "true" } ],
        "JavaStandardTrustKeyStorePassPhrase": [ {"version": "[12.1.2,)",         "wlst_mode": "offline",    "wlst_name": "JavaStandardTrustKeyStorePassPhrase",         "wlst_path": "WP001", "value": {"default": "None"                                            }, "wlst_type": "password",  "get_method": "GET" } ],
        "KeyFile":                             [ {"version": "[12.1.2,)",         "wlst_mode": "offline",    "wlst_name": "KeyFile",                                     "wlst_path": "WP001", "value": {"default": "None"                                            }, "wlst_type": "string"     } ],
        "KeyPassword":                         [ {"version": "[12.1.2,)",         "wlst_mode": "offline",    "wlst_name": "KeyPassword",                                 "wlst_path": "WP001", "value": {"default": "None"                                            }, "wlst_type": "password",  "get_method": "GET" } ],
        "KeyStores":                           [ {"version": "[12.1.2,)",         "wlst_mode": "offline",    "wlst_name": "KeyStores",                                   "wlst_path": "WP001", "value": {"default": "DemoIdentityAndDemoTrust"                        }, "wlst_type": "string"     } ],
        "ListenAddress":                       [ {"version": "[12.1.2,)",         "wlst_mode": "offline",    "wlst_name": "ListenAddress",                               "wlst_path": "WP001", "value": {"default": "localhost"                                       }, "wlst_type": "string"     } ],
        "ListenBacklog":                       [ {"version": "[12.1.2,)",         "wlst_mode": "offline",    "wlst_name": "ListenBacklog",                               "wlst_path": "WP001", "value": {"default": 50                                                }, "wlst_type": "integer"    } ],
        "ListenPort":                          [ {"version": "[12.1.2,)",         "wlst_mode": "offline",    "wlst_name": "ListenPort",                                  "wlst_path": "WP001", "value": {"default": 5556                                              }, "wlst_type": "integer"    } ],
        "LogAppend":                           [ {"version": "[12.1.2,)",         "wlst_mode": "offline",    "wlst_name": "LogAppend",                                   "wlst_path": "WP001", "value": {"default": "true"                                            }, "wlst_type": "boolean"    } ],
        "LogCount":                            [ {"version": "[12.2.1.3,)",       "wlst_mode": "offline",    "wlst_name": "LogCount",                                    "wlst_path": "WP001", "value": {"default": 1                                                 }, "wlst_type": "integer"    } ],
        "LogFile":                             [ {"version": "[12.1.2,)",         "wlst_mode": "offline",    "wlst_name": "LogFile",                                     "wlst_path": "WP001", "value": {"default": "@@DOMAIN_HOME@@/nodemanager/nodemanager.log"     }, "wlst_type": "string",    "uses_path_tokens": "true" } ],
        "LogFormatter":                        [ {"version": "[12.1.2,)",         "wlst_mode": "offline",    "wlst_name": "LogFormatter",                                "wlst_path": "WP001", "value": {"default": "weblogic.nodemanager.server.LogFormatter"        }, "wlst_type": "string"     } ],
        "LogLevel":                            [ {"version": "[12.1.2,)",         "wlst_mode": "offline",    "wlst_name": "LogLevel",                                    "wlst_path": "WP001", "value": {"default": "INFO"                                            }, "wlst_type": "string"     } ],
        "LogLimit":                            [ {"version": "[12.1.2,)",         "wlst_mode": "offline",    "wlst_name": "LogLimit",                                    "wlst_path": "WP001", "value": {"default": 0                                                 }, "wlst_type": "integer"    } ],
        "LogToStderr":                         [ {"version": "[12.1.2,)",         "wlst_mode": "offline",    "wlst_name": "LogToStderr",                                 "wlst_path": "WP001", "value": {"default": "true"                                            }, "wlst_type": "boolean"    } ],
        "NativeVersionEnabled":                [ {"version": "[12.1.2,)",         "wlst_mode": "offline",    "wlst_name": "NativeVersionEnabled",                        "wlst_path": "WP001", "value": {"default": "true"                                            }, "wlst_type": "boolean"    } ],
        "NetMask":                             [ {"version": "[12.1.2,)",         "wlst_mode": "offline",    "wlst_name": "NetMask",                                     "wlst_path": "WP001", "value": {"default": "None"                                            }, "wlst_type": "string"     } ],
        "NodeManagerHome":                     [ {"version": "[12.1.2,)",         "wlst_mode": "offline",    "wlst_name": "NodeManagerHome",                             "wlst_path": "WP001", "value": {"default": "@@DOMAIN_HOME@@/nodemanager"                     }, "wlst_type": "string",    "uses_path_tokens": "true" } ],
        "ProcessDestroyTimeout":               [ {"version": "[12.1.2,)",         "wlst_mode": "offline",    "wlst_name": "ProcessDestroyTimeout",                       "wlst_path": "WP001", "value": {"default": 0                                                 }, "wlst_type": "long"       } ],
        "PropertiesVersion":                   [ {"version": "[12.1.2,12.2.1)",   "wlst_mode": "offline",    "wlst_name": "PropertiesVersion",                           "wlst_path": "WP001", "value": {"default": "12.1"                                            }, "wlst_type": "string"     } ,
                                                 {"version": "[12.2.1,)",         "wlst_mode": "offline",    "wlst_name": "PropertiesVersion",                           "wlst_path": "WP001", "value": {"default": "12.2.1"                                          }, "wlst_type": "string"     } ],
        "QuitEnabled":                         [ {"version": "[12.1.2,)",         "wlst_mode": "offline",    "wlst_name": "QuitEnabled",                                 "wlst_path": "WP001", "value": {"default": "false"                                           }, "wlst_type": "boolean"    } ],
        "SecureListener":                      [ {"version": "[12.1.2,)",         "wlst_mode": "offline",    "wlst_name": "SecureListener",                              "wlst_path": "WP001", "value": {"default": "true"                                            }, "wlst_type": "boolean"    } ],
        "StateCheckInterval":                  [ {"version": "[12.1.2,)",         "wlst_mode": "offline",    "wlst_name": "StateCheckInterval",                          "wlst_path": "WP001", "value": {"default": 500                                               }, "wlst_type": "integer"    } ],
        "UseKSSForDemo":                       [ {"version": "[12.1.2,)",         "wlst_mode": "offline",    "wlst_name": "UseKSSForDemo",                               "wlst_path": "WP001", "value": {"default": "true"                                            }, "wlst_type": "boolean"    } ],
        "WebLogicHome":                        [ {"version": "[12.1.2,)",         "wlst_mode": "offline",    "wlst_name": "WebLogicHome",                                "wlst_path": "WP001", "value": {"default": "None"                                            }, "wlst_type": "string",    "uses_path_tokens": "true" } ],
        "coherence.StartScriptEnabled":        [ {"version": "[12.2.1,)",         "wlst_mode": "offline",    "wlst_name": "coherence.StartScriptEnabled",                "wlst_path": "WP001", "value": {"default": "false"                                           }, "wlst_type": "boolean"    } ],
        "coherence.StartScriptName":           [ {"version": "[12.2.1,)",         "wlst_mode": "offline",    "wlst_name": "coherence.StartScriptName",                   "wlst_path": "WP001", "value": {"default": "None"                                            }, "wlst_type": "string"     } ],
        "weblogic.StartScriptEnabled":         [ {"version": "[12.1.2,12.2.1.1)", "wlst_mode": "offline",    "wlst_name": "StartScriptEnabled",                          "wlst_path": "WP001", "value": {"default": "true"                                            }, "wlst_type": "boolean"    },
                                                 {"version": "[12.2.1.1,)",       "wlst_mode": "offline",    "wlst_name": "weblogic.StartScriptEnabled",                 "wlst_path": "WP001", "value": {"default": "true"                                            }, "wlst_type": "boolean"    } ],
        "weblogic.StartScriptName":            [ {"version": "[12.1.2,12.2.1.1)", "wlst_mode": "offline",    "wlst_name": "StartScriptName",                             "wlst_path": "WP001", "value": {"default": "startWebLogic.cmd"                               }, "wlst_type": "string"     },
                                                 {"version": "[12.2.1.1,)",       "wlst_mode": "offline",    "wlst_name": "weblogic.StartScriptName",                    "wlst_path": "WP001", "value": {"default": "startWebLogic.cmd"                               }, "wlst_type": "string"     } ],
        "weblogic.StopScriptEnabled":          [ {"version": "[12.1.2,12.2.1.1)", "wlst_mode": "offline",    "wlst_name": "StopScriptEnabled",                           "wlst_path": "WP001", "value": {"default": "false"                                           }, "wlst_type": "boolean"    },
                                                 {"version": "[12.2.1.1,)",       "wlst_mode": "offline",    "wlst_name": "weblogic.StopScriptEnabled",                  "wlst_path": "WP001", "value": {"default": "false"                                           }, "wlst_type": "boolean"    } ],
        "weblogic.StopScriptName":             [ {"version": "[12.1.2,12.2.1.1)", "wlst_mode": "offline",    "wlst_name": "StopScriptName",                              "wlst_path": "WP001", "value": {"default": "None"                                            }, "wlst_type": "string"     },
                                                 {"version": "[12.2.1.1,)",       "wlst_mode": "offline",    "wlst_name": "weblogic.StopScriptName",                     "wlst_path": "WP001", "value": {"default": "None"                                            }, "wlst_type": "string"     } ]
    },
    "wlst_attributes_path": "WP001",
    "wlst_paths": {
        "WP001": "/NMProperties"
    }
}

