{
    "copyright": "Copyright (c) 2019, Oracle Corporation and/or its affiliates.  All rights reserved.",
    "license": "Licensed under the Universal Permissive License v 1.0 as shown at https://oss.oracle.com/licenses/upl",
    "wlst_type": "ODLConfiguration",
    "child_folders_type": "multiple",
    "folders": {
        "Handler": {
            "wlst_type": "Handler",
            "child_folders_type": "multiple",
            "folders": {},
            "attributes": {
                "Class":        [ {"version": "[10,)", "wlst_mode": "both", "wlst_name": "Class",        "wlst_path": "WP001", "value": {"default": "None"}, "wlst_type": "string"     } ],
                "Encoding":     [ {"version": "[10,)", "wlst_mode": "both", "wlst_name": "Encoding",     "wlst_path": "WP001", "value": {"default": "None"}, "wlst_type": "string"     } ],
                "ErrorManager": [ {"version": "[10,)", "wlst_mode": "both", "wlst_name": "ErrorManager", "wlst_path": "WP001", "value": {"default": "None"}, "wlst_type": "string"     } ],
                "Filter":       [ {"version": "[10,)", "wlst_mode": "both", "wlst_name": "Filter",       "wlst_path": "WP001", "value": {"default": "None"}, "wlst_type": "string"     } ],
                "Formatter":    [ {"version": "[10,)", "wlst_mode": "both", "wlst_name": "Formatter",    "wlst_path": "WP001", "value": {"default": "None"}, "wlst_type": "string"     } ],
                "Level":        [ {"version": "[10,)", "wlst_mode": "both", "wlst_name": "Level",        "wlst_path": "WP001", "value": {"default": "None"}, "wlst_type": "string"     } ],
                "Properties":   [ {"version": "[10,)", "wlst_mode": "both", "wlst_name": "Properties",   "wlst_path": "WP001", "value": {"default": "None"}, "wlst_type": "properties" } ]
            },
            "wlst_attributes_path": "WP001",
            "wlst_paths": {
                "WP001": "/NO_FOLDER/%ODLCONFIG%/NO_FOLDER/%ODLHANDLER%"
            }
        },
        "Logger": {
            "wlst_type": "Logger",
            "child_folders_type": "multiple",
            "folders": {},
            "attributes": {
                "Filter":            [ {"version": "[10,)", "wlst_mode": "both", "wlst_name": "Filter",            "wlst_path": "WP001", "value": {"default": "None"}, "wlst_type": "string"  } ],
                "Handlers":          [ {"version": "[10,)", "wlst_mode": "both", "wlst_name": "Handlers",          "wlst_path": "WP001", "value": {"default": "None"}, "wlst_type": "list"    } ],
                "Level":             [ {"version": "[10,)", "wlst_mode": "both", "wlst_name": "Level",             "wlst_path": "WP001", "value": {"default": "None"}, "wlst_type": "string"  } ],
                "UseParentHandlers": [ {"version": "[10,)", "wlst_mode": "both", "wlst_name": "UseParentHandlers", "wlst_path": "WP001", "value": {"default": "None"}, "wlst_type": "boolean" } ]
            },
            "wlst_attributes_path": "WP001",
            "wlst_paths": {
                "WP001": "/NO_FOLDER/%ODLCONFIG%/NO_FOLDER/%ODLLOGGER%"
            }
        }
    },
    "attributes": {
        "Servers":         [ {"version": "[10,)", "wlst_mode": "both", "wlst_name": "Servers",         "wlst_path": "WP001", "value": {"default": "None"}, "wlst_type": "list"       } ],
        "AddJvmNumber":    [ {"version": "[10,)", "wlst_mode": "both", "wlst_name": "AddJvmNumber",    "wlst_path": "WP001", "value": {"default": "None"}, "wlst_type": "boolean"    } ],
        "HandlerDefaults": [ {"version": "[10,)", "wlst_mode": "both", "wlst_name": "HandlerDefaults", "wlst_path": "WP001", "value": {"default": "None"}, "wlst_type": "properties" } ]
    },
    "wlst_attributes_path": "WP001",
    "wlst_paths": {
        "WP001": "/NO_FOLDER/%ODLCONFIG%"
    }
}
