{
    "copyright": "Copyright (c) 2019, Oracle Corporation and/or its affiliates.  All rights reserved.",
    "license": "Licensed under the Universal Permissive License v 1.0 as shown at https://oss.oracle.com/licenses/upl",
    "wlst_type": "RCUDbInfo",
    "folders": {},
    "attributes": {
        "atp.admin.user":                   [ {"version": "[10,)", "wlst_mode": "both", "wlst_name": "atp.admin.user",                   "wlst_path": "WP001", "value": {"default": "None" }, "wlst_type": "string" } ],
        "atp.default.tablespace":           [ {"version": "[10,)", "wlst_mode": "both", "wlst_name": "atp.default.tablespace",           "wlst_path": "WP001", "value": {"default": "None" }, "wlst_type": "string" } ],
        "atp.temp.tablespace":              [ {"version": "[10,)", "wlst_mode": "both", "wlst_name": "atp.temp.tablespace",              "wlst_path": "WP001", "value": {"default": "None" }, "wlst_type": "string" } ],
        "compInfoXMLLocation":              [ {"version": "[10,)", "wlst_mode": "both", "wlst_name": "compInfoXMLLocation",              "wlst_path": "WP001", "value": {"default": "None" }, "wlst_type": "string",  "uses_path_tokens":  "true"} ],
        "javax.net.ssl.keyStorePassword":   [ {"version": "[10,)", "wlst_mode": "both", "wlst_name": "javax.net.ssl.keyStorePassword",   "wlst_path": "WP001", "value": {"default": "None" }, "wlst_type": "password" } ],
        "javax.net.ssl.trustStorePassword": [ {"version": "[10,)", "wlst_mode": "both", "wlst_name": "javax.net.ssl.trustStorePassword", "wlst_path": "WP001", "value": {"default": "None" }, "wlst_type": "password" } ],
        "oracle.net.tns_admin":             [ {"version": "[10,)", "wlst_mode": "both", "wlst_name": "oracle.net.tns_admin",             "wlst_path": "WP001", "value": {"default": "None" }, "wlst_type": "string" } ],
        "rcu_admin_password":               [ {"version": "[10,)", "wlst_mode": "both", "wlst_name": "rcu_admin_password",               "wlst_path": "WP001", "value": {"default": "None" }, "wlst_type": "password" } ],
        "rcu_db_conn_string":               [ {"version": "[10,)", "wlst_mode": "both", "wlst_name": "rcu_db_conn_string",               "wlst_path": "WP001", "value": {"default": "None" }, "wlst_type": "string" } ],
        "rcu_prefix":                       [ {"version": "[10,)", "wlst_mode": "both", "wlst_name": "rcu_prefix",                       "wlst_path": "WP001", "value": {"default": "None" }, "wlst_type": "string" } ],
        "rcu_db_user":                      [ {"version": "[10,)", "wlst_mode": "both", "wlst_name": "rcu_db_user",                      "wlst_path": "WP001", "value": {"default": "None" }, "wlst_type": "string" } ],
        "rcu_schema_password":              [ {"version": "[10,)", "wlst_mode": "both", "wlst_name": "rcu_schema_password",              "wlst_path": "WP001", "value": {"default": "None" }, "wlst_type": "password" } ],
        "rcu_variables":                    [ {"version": "[10,)", "wlst_mode": "both", "wlst_name": "rcu_variables",                    "wlst_path": "WP001", "value": {"default": "None" }, "wlst_type": "string" } ],
        "storageXMLLocation":               [ {"version": "[10,)", "wlst_mode": "both", "wlst_name": "storageXMLLocation",               "wlst_path": "WP001", "value": {"default": "None" }, "wlst_type": "string",  "uses_path_tokens":  "true"} ],
        "tns.alias":                        [ {"version": "[10,)", "wlst_mode": "both", "wlst_name": "tns.alias",                        "wlst_path": "WP001", "value": {"default": "None" }, "wlst_type": "string" } ],
        "useATP":                           [ {"version": "[10,)", "wlst_mode": "both", "wlst_name": "useATP",                           "wlst_path": "WP001", "value": {"default": "None" }, "wlst_type": "boolean" } ]
    },
    "wlst_attributes_path": "WP001",
    "wlst_paths": {
        "WP001": "/NO_FOLDER"
    }
}
