{
    "copyright": "Copyright (c) 2017, 2020, Oracle Corporation and/or its affiliates.  All rights reserved.",
    "license": "Licensed under the Universal Permissive License v 1.0 as shown at https://oss.oracle.com/licenses/upl",
    "wlst_type": "ResourceManagement",
    "version": "[12.2.1,)",
    "child_folders_type": "single",
    "default_name_value": "%DOMAIN%",
    "short_name": "ResManagement",
    "folders": { },
    "attributes": {
        "Notes":    [ {"version": "[12.2.1,)", "wlst_mode": "both", "wlst_name": "Notes", "wlst_path": "WP001", "value": {"default": "None"}, "wlst_type": "string"} ]
    },
    "wlst_attributes_path": "WP001",
    "wlst_paths": {
        "WP001": "/ResourceManagement/%RESOURCEMANAGEMENT%"
    },
    "contains": [
        "ResourceManager"
    ]
}
