{
    "copyright": "Copyright (c) 2017, 2020, Oracle Corporation and/or its affiliates.  All rights reserved.",
    "license": "Licensed under the Universal Permissive License v 1.0 as shown at https://oss.oracle.com/licenses/upl",
    "wlst_type": "ResourceGroup${:s}",
    "version": "[12.2.1,14.1.1)",
    "child_folders_type": "multiple",
    "short_name": "RG",
    "folders": {},
    "attributes": {
        "Administrative":          [ {"version": "[12.2.1.1,)", "wlst_mode": "both",    "wlst_name": "Administrative",          "wlst_path": "WP001", "value": { "default": "false" }, "wlst_type": "boolean"          } ],
        "AutoTargetAdminServer":   [ {"version": "[12.2.1.1,)", "wlst_mode": "both",    "wlst_name": "AutoTargetAdminServer",   "wlst_path": "WP001", "value": { "default": "false" }, "wlst_type": "boolean"          } ],
        "Immutable":               [ {"version": "[12.2.1,)",   "wlst_mode": "offline", "wlst_name": "Immutable",               "wlst_path": "WP001", "value": { "default": "false" }, "wlst_type": "boolean",         "access": "RO"          } ],
        "Notes":                   [ {"version": "[12.2.1,)",   "wlst_mode": "both",    "wlst_name": "Notes",                   "wlst_path": "WP001", "value": { "default": "None"  }, "wlst_type": "string"           } ],
        "ResourceGroupTemplate":   [ {"version": "[12.2.1,)",   "wlst_mode": "both",    "wlst_name": "ResourceGroupTemplate",   "wlst_path": "WP001", "value": { "default": "None"  }, "wlst_type": "string",          "get_method": "LSA", "set_method": "MBEAN.set_resource_group_template_mbean", "set_mbean_type": "weblogic.management.configuration.ResourceGroupTemplateMBean" } ],
        "ResourceGroupTemplateId": [ {"version": "[12.2.1,)",   "wlst_mode": "offline", "wlst_name": "ResourceGroupTemplateId", "wlst_path": "WP001", "value": { "default": "None"  }, "wlst_type": "string",          "access": "RO"          } ],
        "Target":                  [ {"version": "[12.2.1,)",   "wlst_mode": "offline", "wlst_name": "Target",                  "wlst_path": "WP001", "value": { "default": "None"  }, "wlst_type": "delimited_string" },
                                     {"version": "[12.2.1,)",   "wlst_mode": "online",  "wlst_name": "Targets",                 "wlst_path": "WP002", "value": { "default": "None"  }, "wlst_type": "jarray",          "preferred_model_type": "delimited_string", "get_method": "GET", "set_method": "MBEAN.set_mt_target_mbeans", "set_mbean_type": "weblogic.management.configuration.TargetMBean"  } ],
        "UploadDirectoryName":     [ {"version": "[12.2.1,)",   "wlst_mode": "both",    "wlst_name": "UploadDirectoryName",     "wlst_path": "WP001", "value": { "default": "None"  }, "wlst_type": "string"           } ],
        "UseDefaultTarget":        [ {"version": "[12.2.1,)",   "wlst_mode": "both",    "wlst_name": "UseDefaultTarget",        "wlst_path": "WP001", "value": { "default": "true"  }, "wlst_type": "boolean"          } ]
    },
    "wlst_attributes_path": "WP001",
    "wlst_paths": {
        "WP001": "/ResourceGroup${:s}/%RESOURCEGROUP%",
        "WP002": "/ResourceGroup${:s}/%RESOURCEGROUP%/Target"
    },
    "contains": [
        "Application",
        "CoherenceClusterSystemResource",
        "FileStore",
        "ForeignJNDIProvider",
        "JDBCStore",
        "JDBCSystemResource",
        "JMSBridgeDestination",
        "JMSServer",
        "JMSSystemResource",
        "Library",
        "MailSession",
        "MessagingBridge",
        "PathService",
        "SAFAgent",
        "WLDFSystemResource"
    ]
}
