{
    "copyright": "Copyright (c) 2017, 2020, Oracle Corporation and/or its affiliates.  All rights reserved.",
    "license": "Licensed under the Universal Permissive License v 1.0 as shown at https://oss.oracle.com/licenses/upl",
    "wlst_type": "ResourceGroupTemplate${:s}",
    "version": "[12.2.1,14.1.1)",
    "child_folders_type": "multiple",
    "short_name": "RGTemplate",
    "folders": {},
    "attributes": {
        "Immutable":                [ {"version": "[12.2.1,)", "wlst_mode": "offline", "wlst_name": "Immutable",                "wlst_path": "WP001", "value": {"default": "false"},  "wlst_type": "boolean", "access": "RO"   } ],
        "Notes":                    [ {"version": "[12.2.1,)", "wlst_mode": "both",    "wlst_name": "Notes",                    "wlst_path": "WP001", "value": {"default": "None" },  "wlst_type": "string"    } ],
        "ResourceGroupTemplateId":  [ {"version": "[12.2.1,)", "wlst_mode": "offline", "wlst_name": "ResourceGroupTemplateId",  "wlst_path": "WP001", "value": {"default": "None" },  "wlst_type": "string",  "access": "RO"   } ],
        "UploadDirectoryName":      [ {"version": "[12.2.1,)", "wlst_mode": "both",    "wlst_name": "UploadDirectoryName",      "wlst_path": "WP001", "value": {"default": "None" },  "wlst_type": "string"    } ]
    },
    "wlst_attributes_path": "WP001",
    "wlst_paths": {
        "WP001": "/ResourceGroupTemplate${:s}/%RESOURCEGROUPTEMPLATE%"
    },
    "contains": [
        "Application",
        "CoherenceClusterSystemResource",
        "FileStore",
        "ForeignJNDIProvider",
        "JDBCStore",
        "JDBCSystemResource",
        "JMSBridgeDestination",
        "JMSServer",
        "JMSSystemResource",
        "Library",
        "MailSession",
        "MessagingBridge",
        "OHS",
        "PathService",
        "SAFAgent",
        "SystemComponent",
        "WLDFSystemResource"
    ]
}
