{
    "copyright": "Copyright (c) 2017, 2019, Oracle Corporation and/or its affiliates.  All rights reserved.",
    "license": "Licensed under the Universal Permissive License v 1.0 as shown at https://oss.oracle.com/licenses/upl",
    "wlst_type": "RestfulManagementServices",
    "version": "[12.1.2,)",
    "default_name_value": "${NO_NAME_0:%DOMAIN%}",
    "short_name": "RestManage",
    "folders": {},
    "attributes": {
        "CorsAllowedCredentials":               [ {"version": "[14,)",       "wlst_mode": "both",   "wlst_name": "C${ors:ORS}AllowedCredentials",        "wlst_path": "WP001", "value": {"default": "false" }, "wlst_type": "boolean" } ],
        "CorsAllowedHeaders":                   [ {"version": "[14,)",       "wlst_mode": "both",   "wlst_name": "C${ors:ORS}AllowedHeaders",            "wlst_path": "WP001", "value": {"default": "*"     }, "wlst_type": "string"  } ],
        "CorsAllowedMethods":                   [ {"version": "[14,)",       "wlst_mode": "both",   "wlst_name": "C${ors:ORS}AllowedMethods",            "wlst_path": "WP001", "value": {"default": "*"     }, "wlst_type": "string"  } ],
        "CorsAllowedOrigin":                    [ {"version": "[14,)",       "wlst_mode": "both",   "wlst_name": "${CorsAllowedOrigin:CORSAllowedOrigins}","wlst_path": "WP001", "value": {"default": "None"  }, "wlst_type": "jarray", "get_method": "GET"} ],
        "CorsEnabled":                          [ {"version": "[14,)",       "wlst_mode": "both",   "wlst_name": "C${ors:ORS}Enabled",                   "wlst_path": "WP001", "value": {"default": "false" }, "wlst_type": "boolean" } ],
        "CorExposedHeaders":                    [ {"version": "[14,)",       "wlst_mode": "both",   "wlst_name": "C${ors:ORS}ExposedHeaders",            "wlst_path": "WP001", "value": {"default": "None"  }, "wlst_type": "string"  } ],
        "CorsMaxAge":                           [ {"version": "[14,)",       "wlst_mode": "both",   "wlst_name": "C${ors:ORS}MaxAge",                    "wlst_path": "WP001", "value": {"default": "None"  }, "wlst_type": "string"  } ],
        "DelegatedRequestConnectTimeoutMillis": [ {"version": "[12.2.1.3,)", "wlst_mode": "both",   "wlst_name": "DelegatedRequestConnectTimeoutMillis", "wlst_path": "WP001", "value": {"default": 30000   }, "wlst_type": "integer" } ],
        "DelegatedRequestMaxWaitMillis":        [ {"version": "[12.2.1.3,)", "wlst_mode": "both",   "wlst_name": "DelegatedRequestMaxWaitMillis",        "wlst_path": "WP001", "value": {"default": 0       }, "wlst_type": "integer" } ],
        "DelegatedRequestMinThreads":           [ {"version": "[12.2.1.3,)", "wlst_mode": "both",   "wlst_name": "DelegatedRequestMinThreads",           "wlst_path": "WP001", "value": {"default": 25      }, "wlst_type": "integer" } ],
        "DelegatedRequestReadTimeoutMillis":    [ {"version": "[12.2.1.3,)", "wlst_mode": "both",   "wlst_name": "DelegatedRequestReadTimeoutMillis",    "wlst_path": "WP001", "value": {"default": 10000   }, "wlst_type": "integer" } ],
        "Enabled":                              [ {"version": "[12.1.2,12.2.1)",   "wlst_mode": "both", "wlst_name": "Enabled",                          "wlst_path": "WP001", "value": {"default": "false" }, "wlst_type": "boolean" } ,
                                                  {"version": "[12.2.1,)",   "wlst_mode": "both",   "wlst_name": "Enabled",                              "wlst_path": "WP001", "value": {"default": "true"  }, "wlst_type": "boolean" } ],
        "FannedOutRequestMaxWaitMillis":        [ {"version": "[12.2.1.3,)", "wlst_mode": "both",   "wlst_name": "FannedOutRequestMaxWaitMillis",        "wlst_path": "WP001", "value": {"default": 180000  }, "wlst_type": "integer" } ],
        "JavaServiceResourcesEnabled":          [ {"version": "[12.1.2,)",   "wlst_mode": "both",   "wlst_name": "JavaServiceResourcesEnabled",          "wlst_path": "WP001", "value": {"default": "false" }, "wlst_type": "boolean" } ],
        "Notes":                                [ {"version": "[12.1.2,)",   "wlst_mode": "both",   "wlst_name": "Notes",                                "wlst_path": "WP001", "value": {"default": "None"  }, "wlst_type": "string"  } ]
    },
    "wlst_attributes_path": "WP001",
    "wlst_paths": {
        "WP001": "/RestfulManagementServices/%RESTFULMANAGEMENTSERVICES%"
    }
}
