{
    "copyright": "Copyright (c) 2017, 2020, Oracle Corporation and/or its affiliates.  All rights reserved.",
    "license": "Licensed under the Universal Permissive License v 1.0 as shown at https://oss.oracle.com/licenses/upl",
    "wlst_type": "Security",
    "default_name_value": "%DOMAIN%",
    "folders": {
        "Group": {
            "wlst_type": "Group",
            "child_folders_type": "multiple",
            "folders": { },
            "attributes": {
                "Description": [ {"version": "[10,)", "wlst_mode": "offline", "wlst_name": "Description", "wlst_path": "WP001", "value": {"default": "None" }, "wlst_type": "string",   "get_method": "NONE" } ],
                "GroupMemberOf":  [ {"version": "[10,)", "wlst_mode": "offline", "wlst_name": "GroupMemberOf",  "wlst_path": "WP001", "value": {"default": "None" }, "wlst_type": "delimited_string", "get_method": "NONE" } ],
                "Name":        [ {"version": "[10,)", "wlst_mode": "offline", "wlst_name": "Name",        "wlst_path": "WP001", "value": {"default": "None" }, "wlst_type": "string",   "get_method": "NONE" } ]
            },
            "wlst_attributes_path": "WP001",
            "wlst_paths": {
                "WP001": "/Security/%SECURITY%/Group/%GROUP%"
            }
        },
        "User": {
            "wlst_type": "User",
            "child_folders_type": "multiple",
            "folders": { },
            "attributes": {
                "Description":    [ {"version": "[10,)", "wlst_mode": "offline", "wlst_name": "Description",    "wlst_path": "WP001", "value": {"default": "None" }, "wlst_type": "string",           "get_method": "NONE" } ],
                "GroupMemberOf":  [ {"version": "[10,)", "wlst_mode": "offline", "wlst_name": "GroupMemberOf",  "wlst_path": "WP001", "value": {"default": "None" }, "wlst_type": "delimited_string", "get_method": "NONE" } ],
                "IsDefaultAdmin": [ {"version": "[10,)", "wlst_mode": "offline", "wlst_name": "IsDefaultAdmin", "wlst_path": "WP001", "value": {"default": false  }, "wlst_type": "boolean",          "get_method": "NONE" } ],
                "Name":           [ {"version": "[10,)", "wlst_mode": "offline", "wlst_name": "Name",           "wlst_path": "WP001", "value": {"default": "None" }, "wlst_type": "string",           "get_method": "NONE" } ],
                "Password":       [ {"version": "[10,)", "wlst_mode": "offline", "wlst_name": "Password",       "wlst_path": "WP001", "value": {"default": "None" }, "wlst_type": "password",         "get_method": "NONE" } ]
            },
            "wlst_attributes_path": "WP001",
            "wlst_paths": {
                "WP001": "/Security/%SECURITY%/User/%USER%"
            }
        }
    },
    "attributes" : { },
    "wlst_attributes_path": "WP001",
    "wlst_paths": {
        "WP001": "/Security/%SECURITY%"
    }
}
