{
    "copyright": "Copyright (c) 2019, Oracle Corporation and/or its affiliates.  All rights reserved.",
    "license": "Licensed under the Universal Permissive License v 1.0 as shown at https://oss.oracle.com/licenses/upl",
    "wlst_type": "SingletonService${:s}",
    "child_folders_type": "multiple",
    "short_name": "Singleton",
    "folders": {},
    "attributes": {
        "AdditionalMigrationAttempts":         [ {"version": "[10,)",       "wlst_mode": "both",    "wlst_name": "AdditionalMigrationAttempts",        "wlst_path": "WP001", "value": {"default": 2                            }, "wlst_type": "integer"    } ],
        "AllCandidateServers":                 [ {"version": "[10,)",       "wlst_mode": "online",  "wlst_name": "AllCandidateServers",                "wlst_path": "WP001", "value": {"default": "None"                       }, "wlst_type": "jarray",    "get_method": "GET"     } ],
        "ClassName":                           [ {"version": "[10,)",       "wlst_mode": "both",    "wlst_name": "ClassName",                          "wlst_path": "WP001", "value": {"default": "${None:%SINGLETONSERVICE%}" }, "wlst_type": "string"     } ],
        "Cluster":                             [ {"version": "[10,)",       "wlst_mode": "both",    "wlst_name": "Cluster",                            "wlst_path": "WP001", "value": {"default": "None"                       }, "wlst_type": "string"     } ],
        "ConstrainedCandidateServer":          [ {"version": "[10,)",       "wlst_mode": "both",    "wlst_name": "ConstrainedCandidateServer${:s}",    "wlst_path": "WP001", "value": {"default": "None"                       }, "wlst_type": "string"     } ],
        "HostingServer":                       [ {"version": "[10,)",       "wlst_mode": "both",    "wlst_name": "HostingServer",                      "wlst_path": "WP001", "value": {"default": "None"                       }, "wlst_type": "string"     } ],
        "MillisToSleepBetweenAttempts":        [ {"version": "[10,)",       "wlst_mode": "both",    "wlst_name": "MillisToSleepBetweenAttempts",       "wlst_path": "WP001", "value": {"default": 30000                        }, "wlst_type": "long"       } ],
        "UserPreferredServer":                 [ {"version": "[10,)",       "wlst_mode": "both",    "wlst_name": "UserPreferredServer",                "wlst_path": "WP001", "value": {"default": "None"                       }, "wlst_type": "string"     } ],
        "Notes":                               [ {"version": "[10,)",       "wlst_mode": "both",    "wlst_name": "Notes",                              "wlst_path": "WP001", "value": {"default": "None"                       }, "wlst_type": "string"     } ]
    },
    "wlst_attributes_path": "WP001",
    "wlst_paths": {
        "WP001": "/SingletonService${:s}/%SINGLETONSERVICE%"
    }
}
