{
    "copyright": "Copyright (c) 2017, 2019, Oracle Corporation and/or its affiliates.  All rights reserved.",
    "license": "Licensed under the Universal Permissive License v 1.0 as shown at https://oss.oracle.com/licenses/upl",
    "wlst_type": "StartupClass${:es}",
    "child_folders_type": "multiple",
    "short_name": "Startup",
    "folders": {},
    "attributes": {
        "Arguments":                [ {"version": "[10,)",         "wlst_mode": "both",    "wlst_name": "Arguments",                "wlst_path": "WP001", "value": {"default": "None"                   }, "wlst_type": "string" } ],
        "ClassName":                [ {"version": "[10,)",         "wlst_mode": "both",    "wlst_name": "ClassName",                "wlst_path": "WP001", "value": {"default": "${None:%STARTUPCLASS%}" }, "wlst_type": "string"                   } ],
        "DeploymentOrder":          [ {"version": "[10,)",         "wlst_mode": "both",    "wlst_name": "DeploymentOrder",          "wlst_path": "WP001", "value": {"default": 1000                     }, "wlst_type": "integer"                  } ],
        "FailureIsFatal":           [ {"version": "[10,)",         "wlst_mode": "both",    "wlst_name": "FailureIsFatal",           "wlst_path": "WP001", "value": {"default": "false"                  }, "wlst_type": "boolean"                  } ],
        "LoadAfterAppsRunning":     [ {"version": "[10,)",         "wlst_mode": "both",    "wlst_name": "LoadAfterAppsRunning",     "wlst_path": "WP001", "value": {"default": "false"                  }, "wlst_type": "boolean"                  } ],
        "LoadBeforeAppActivation":  [ {"version": "[10,)",         "wlst_mode": "both",    "wlst_name": "LoadBeforeAppActivation",  "wlst_path": "WP001", "value": {"default": "false"                  }, "wlst_type": "boolean"                  } ],
        "LoadBeforeAppDeployments": [ {"version": "[10,)",         "wlst_mode": "both",    "wlst_name": "LoadBeforeAppDeployments", "wlst_path": "WP001", "value": {"default": "false"                  }, "wlst_type": "boolean"                  } ],
        "Notes":                    [ {"version": "[10,)",         "wlst_mode": "both",    "wlst_name": "Notes",                    "wlst_path": "WP001", "value": {"default": "None"                   }, "wlst_type": "string"                   } ],
        "Target":                   [ {"version": "[10,)",         "wlst_mode": "offline", "wlst_name": "Target",                   "wlst_path": "WP001", "value": {"default": "None"                   }, "wlst_type": "delimited_string", "set_method": "MBEAN.set_target_mbeans" },
                                      {"version": "[10,)",         "wlst_mode": "online",  "wlst_name": "Targets",                  "wlst_path": "WP002", "value": {"default": "None"                   }, "wlst_type": "jarray",                  "get_method": "GET", "preferred_model_type": "delimited_string", "set_method": "MBEAN.set_target_mbeans", "set_mbean_type": "weblogic.management.configuration.TargetMBean"} ]
    },
    "wlst_attributes_path": "WP001",
    "wlst_paths": {
        "WP001": "/StartupClass${:es}/%STARTUPCLASS%",
        "WP002": "/StartupClass${:es}/%STARTUPCLASS%/Targets"
    }
}
