{
    "copyright": "Copyright (c) 2017, 2019, Oracle Corporation and/or its affiliates.  All rights reserved.",
    "license": "Licensed under the Universal Permissive License v 1.0 as shown at https://oss.oracle.com/licenses/upl",
    "wlst_type": "VirtualHost${:s}",
    "child_folders_type": "multiple",
    "short_name": "VHost",
    "folders": {
        "WebServerLog": {
            "wlst_type": "WebServerLog",
            "default_name_value": "%VIRTUALHOST%",
            "folders": {},
            "attributes": {
                "BufferSizeKb":         [ {"version": "[10,)",           "wlst_mode": "both",    "wlst_name": "BufferSize${Kb:KB}",   "wlst_path": "WP001", "value": {"default": 8                                                     }, "wlst_type": "integer"          } ],
                "DateFormatPattern":    [ {"version": "[10,12.2.1)",     "wlst_mode": "both",    "wlst_name": "DateFormatPattern",    "wlst_path": "WP001", "value": {"default": "${None:MMM d, yyyy h:mm:ss a z}"                     }, "wlst_type": "string",          "get_method": "${LSA:GET}", "restart_required": "true" }  ,
                                          {"version": "[12.2.1,)",       "wlst_mode": "both",    "wlst_name": "DateFormatPattern",    "wlst_path": "WP001", "value": {"default": "${None:MMM d, yyyy h:mm:ss a z}"                     }, "wlst_type": "string",          "get_method": "${LSA:GET}" } ],
                "ELFFields":            [ {"version": "[10,)",           "wlst_mode": "both",    "wlst_name": "ELFFields",            "wlst_path": "WP001", "value": {"default": "date time cs-method cs-uri sc-status"                }, "wlst_type": "string",          "get_method": "${LSA:GET}" } ],
                "FileCount":            [ {"version": "[10,)",           "wlst_mode": "both",    "wlst_name": "FileCount",            "wlst_path": "WP001", "value": {"default": 7                                                     }, "wlst_type": "integer"          } ],
                "FileMinSize":          [ {"version": "[10,12.2.1.3)",   "wlst_mode": "both",    "wlst_name": "FileMinSize",          "wlst_path": "WP001", "value": {"default": 500                                                   }, "wlst_type": "integer"          } ,
                                          {"version": "[12.2.1.3,)",     "wlst_mode": "both",    "wlst_name": "FileMinSize",          "wlst_path": "WP001", "value": {"default": "${500:5000}"                                         }, "wlst_type": "integer"          } ],
                "FileName":             [ {"version": "[10,)",           "wlst_mode": "both",    "wlst_name": "FileName",             "wlst_path": "WP001", "value": {"default": "${None:logs/virtualHosts/%VIRTUALHOST%/access.log}"  }, "wlst_type": "string",          "uses_path_tokens": "true" } ],
                "FileTimeSpan":         [ {"version": "[10,)",           "wlst_mode": "both",    "wlst_name": "FileTimeSpan",         "wlst_path": "WP001", "value": {"default": 24                                                    }, "wlst_type": "integer"          } ],
                "FileTimeSpanFactor":   [ {"version": "[10,)",           "wlst_mode": "offline", "wlst_name": "FileTimeSpanFactor",   "wlst_path": "WP001", "value": {"default": 3600000                                               }, "wlst_type": "long",            "restart_required": "true" } ],
                "LogFileFormat":        [ {"version": "[10,)",           "wlst_mode": "both",    "wlst_name": "LogFileFormat",        "wlst_path": "WP001", "value": {"default": "${None:common}"                                      }, "wlst_type": "string"           } ],
                "LogFileRotationDir":   [ {"version": "[10,)",           "wlst_mode": "both",    "wlst_name": "LogFileRotationDir",   "wlst_path": "WP001", "value": {"default": "None"                                                }, "wlst_type": "string",          "uses_path_tokens": "true" } ],
                "LogMilliSeconds":      [ {"version": "[10,)",           "wlst_mode": "offline", "wlst_name": "LogMilliSeconds",      "wlst_path": "WP001", "value": {"default": false                                                 }, "wlst_type": "boolean",         "restart_required": "true" } ],
                "LogTimeInGMT":         [ {"version": "[10,)",           "wlst_mode": "both",    "wlst_name": "LogTimeInGMT",         "wlst_path": "WP001", "value": {"default": false                                                 }, "wlst_type": "boolean"          } ],
                "LoggingEnabled":       [ {"version": "[10,)",           "wlst_mode": "both",    "wlst_name": "LoggingEnabled",       "wlst_path": "WP001", "value": {"default": true                                                  }, "wlst_type": "boolean"          } ],
                "Notes":                [ {"version": "[10,)",           "wlst_mode": "both",    "wlst_name": "Notes",                "wlst_path": "WP001", "value": {"default": "None"                                                }, "wlst_type": "string"           } ],
                "NumberOfFilesLimited": [ {"version": "[10,)",           "wlst_mode": "both",    "wlst_name": "NumberOfFilesLimited", "wlst_path": "WP001", "value": {"default": "${true:false}"                                       }, "wlst_type": "boolean"          } ],
                "RotateLogOnStartup":   [ {"version": "[10,12.2.1.3)",   "wlst_mode": "both",    "wlst_name": "RotateLogOnStartup",   "wlst_path": "WP001", "value": {"default": true                                                  }, "wlst_type": "boolean"          } ,
                                          {"version": "[12.2.1.3,)",     "wlst_mode": "both",    "wlst_name": "RotateLogOnStartup",   "wlst_path": "WP001", "value": {"default": "${true:false}"                                       }, "wlst_type": "boolean"          } ],
                "RotationTime":         [ {"version": "[10,)",           "wlst_mode": "both",    "wlst_name": "RotationTime",         "wlst_path": "WP001", "value": {"default": "00:00"                                               }, "wlst_type": "string"           } ],
                "RotationType":         [ {"version": "[10,)",           "wlst_mode": "both",    "wlst_name": "RotationType",         "wlst_path": "WP001", "value": {"default": "${None:bySize}"                                      }, "wlst_type": "string"           } ]
            },
            "wlst_attributes_path": "WP001",
            "wlst_paths": {
                "WP001": "/VirtualHost${:s}/%VIRTUALHOST%/WebServerLog/%WEBSERVERLOG%"
            }
        }
    },
    "attributes": {
        "AcceptContextPathInGetRealPath":      [ {"version": "[10,)",               "wlst_mode": "both",    "wlst_name": "AcceptContextPathInGetRealPath",      "wlst_path": "WP001", "value": {"default": false   }, "wlst_type": "boolean"          } ],
        "AuthCookieEnabled":                   [ {"version": "[10,)",               "wlst_mode": "both",    "wlst_name": "AuthCookieEnabled",                   "wlst_path": "WP001", "value": {"default": true    }, "wlst_type": "boolean"          } ],
        "Charsets":                            [ {"version": "[10,)",               "wlst_mode": "both",    "wlst_name": "Charsets",                            "wlst_path": "WP001", "value": {"default": "None"  }, "wlst_type": "properties",      "preferred_model_type": "dict", "get_method": "GET" } ],
        "ChunkedTransferDisabled":             [ {"version": "[10,)",               "wlst_mode": "both",    "wlst_name": "ChunkedTransferDisabled",             "wlst_path": "WP001", "value": {"default": false   }, "wlst_type": "boolean"          } ],
        "ClientIpHeader":                      [ {"version": "[10,)",               "wlst_mode": "both",    "wlst_name": "ClientIpHeader",                      "wlst_path": "WP001", "value": {"default": "None"  }, "wlst_type": "string"           } ],
        "DefaultWebAppContextRoot":            [ {"version": "[10,)",               "wlst_mode": "both",    "wlst_name": "DefaultWebAppContextRoot",            "wlst_path": "WP001", "value": {"default": "None"  }, "wlst_type": "string"           } ],
        "DeploymentOrder":                     [ {"version": "[10,)",               "wlst_mode": "both",    "wlst_name": "DeploymentOrder",                     "wlst_path": "WP001", "value": {"default": 1000    }, "wlst_type": "integer"          } ],
        "FrontendHTTPPort":                    [ {"version": "[10,)",               "wlst_mode": "both",    "wlst_name": "FrontendHTTPPort",                    "wlst_path": "WP001", "value": {"default": 0       }, "wlst_type": "integer"          } ],
        "FrontendHTTPSPort":                   [ {"version": "[10,)",               "wlst_mode": "both",    "wlst_name": "FrontendHTTPSPort",                   "wlst_path": "WP001", "value": {"default": 0       }, "wlst_type": "integer"          } ],
        "FrontendHost":                        [ {"version": "[10,)",               "wlst_mode": "both",    "wlst_name": "FrontendHost",                        "wlst_path": "WP001", "value": {"default": "None"  }, "wlst_type": "string"           } ],
        "HttpsKeepAliveSecs":                  [ {"version": "[10,)",               "wlst_mode": "both",    "wlst_name": "HttpsKeepAliveSecs",                  "wlst_path": "WP001", "value": {"default": 60      }, "wlst_type": "integer"          } ],
        "KeepAliveEnabled":                    [ {"version": "[10,)",               "wlst_mode": "both",    "wlst_name": "KeepAliveEnabled",                    "wlst_path": "WP001", "value": {"default": true    }, "wlst_type": "boolean"          } ],
        "KeepAliveSecs":                       [ {"version": "[10,)",               "wlst_mode": "both",    "wlst_name": "KeepAliveSecs",                       "wlst_path": "WP001", "value": {"default": 30      }, "wlst_type": "integer"          } ],
        "MaxPostSize":                         [ {"version": "[10,)",               "wlst_mode": "both",    "wlst_name": "MaxPostSize",                         "wlst_path": "WP001", "value": {"default": -1      }, "wlst_type": "integer"          } ],
        "MaxPostTimeSecs":                     [ {"version": "[10,)",               "wlst_mode": "both",    "wlst_name": "MaxPostTimeSecs",                     "wlst_path": "WP001", "value": {"default": -1      }, "wlst_type": "integer"          } ],
        "MaxRequestParameterCount":            [ {"version": "[12.1.2,)",           "wlst_mode": "both",    "wlst_name": "MaxRequestParameterCount",            "wlst_path": "WP001", "value": {"default": 10000   }, "wlst_type": "integer",         "get_method": "GET" } ],
        "MaxRequestParamterCount":             [ {"version": "[10,)",               "wlst_mode": "both",    "wlst_name": "MaxRequestParamterCount",             "wlst_path": "WP001", "value": {"default": 10000   }, "wlst_type": "integer",         "get_method": "GET" } ] ,
        "NetworkAccessPoint":                  [ {"version": "[10,)",               "wlst_mode": "both",    "wlst_name": "NetworkAccessPoint",                  "wlst_path": "WP001", "value": {"default": "None"  }, "wlst_type": "string"           } ],
        "Notes":                               [ {"version": "[10,)",               "wlst_mode": "both",    "wlst_name": "Notes",                               "wlst_path": "WP001", "value": {"default": "None"  }, "wlst_type": "string"           } ],
        "OverloadResponseCode":                [ {"version": "[10,)",               "wlst_mode": "both",    "wlst_name": "OverloadResponseCode",                "wlst_path": "WP001", "value": {"default": 503     }, "wlst_type": "integer"          } ],
        "PostTimeoutSecs":                     [ {"version": "[10,)",               "wlst_mode": "both",    "wlst_name": "PostTimeoutSecs",                     "wlst_path": "WP001", "value": {"default": 30      }, "wlst_type": "integer"          } ],
        "SendServerHeaderEnabled":             [ {"version": "[10,)",               "wlst_mode": "both",    "wlst_name": "SendServerHeaderEnabled",             "wlst_path": "WP001", "value": {"default": false   }, "wlst_type": "boolean"          } ],
        "SingleSignonDisabled":                [ {"version": "[10,)",               "wlst_mode": "both",    "wlst_name": "SingleSignonDisabled",                "wlst_path": "WP001", "value": {"default": false   }, "wlst_type": "boolean"          } ],
        "Target":                              [ {"version": "[10,)",               "wlst_mode": "offline", "wlst_name": "Target",                              "wlst_path": "WP001", "value": {"default": "None"  }, "wlst_type": "delimited_string", "set_method": "MBEAN.set_target_mbeans" },
                                                 {"version": "[10,)",               "wlst_mode": "online",  "wlst_name": "Targets",                             "wlst_path": "WP002", "value": {"default": "None"  }, "wlst_type": "jarray",          "get_method": "GET", "preferred_model_type": "delimited_string", "set_method": "MBEAN.set_target_mbeans", "set_mbean_type": "weblogic.management.configuration.TargetMBean" } ],
        "URLResource":                         [ {"version": "[10,)",               "wlst_mode": "both",    "wlst_name": "URLResource",                         "wlst_path": "WP001", "value": {"default": "None"  }, "wlst_type": "properties",      "preferred_model_type": "dict", "get_method": "GET" } ],
        "UriPath":                             [ {"version": "[12.2.1,)",           "wlst_mode": "both",    "wlst_name": "UriPath",                             "wlst_path": "WP001", "value": {"default": "None"  }, "wlst_type": "string",          "get_method": "${LSA:GET}" } ],
        "UseHeaderEncoding":                   [ {"version": "[10,)",               "wlst_mode": "both",    "wlst_name": "UseHeaderEncoding",                   "wlst_path": "WP001", "value": {"default": false   }, "wlst_type": "boolean"          } ],
        "UseHighestCompatibleHTTPVersion":     [ {"version": "[10,)",               "wlst_mode": "both",    "wlst_name": "UseHighestCompatibleHTTPVersion",     "wlst_path": "WP001", "value": {"default": true    }, "wlst_type": "boolean"          } ],
        "VirtualHostName":                     [ {"version": "[10,)",               "wlst_mode": "both",    "wlst_name": "VirtualHostName${:s}",                "wlst_path": "WP001", "value": {"default": "None"  }, "wlst_type": "delimited_string", "get_method": "LSA" } ],
        "WAPEnabled":                          [ {"version": "[10,)",               "wlst_mode": "both",    "wlst_name": "WAPEnabled",                          "wlst_path": "WP001", "value": {"default": false   }, "wlst_type": "boolean"          } ],
        "WebDeployment":                       [ {"version": "[10,)",               "wlst_mode": "offline", "wlst_name": "WebDeployment",                       "wlst_path": "WP001", "value": {"default": "None"  }, "wlst_type": "delimited_string", "get_method": "LSA" } ],
        "WorkManagerForRemoteSessionFetching": [ {"version": "[10,)",               "wlst_mode": "both",    "wlst_name": "WorkManagerForRemoteSessionFetching", "wlst_path": "WP001", "value": {"default": "None"  }, "wlst_type": "string",          "get_method": "${LSA:GET}" } ],
        "WriteChunkBytes":                     [ {"version": "[10,)",               "wlst_mode": "both",    "wlst_name": "WriteChunkBytes",                     "wlst_path": "WP001", "value": {"default": 512     }, "wlst_type": "integer",         "access": "${:RO}" } ]
    },
    "wlst_attributes_path": "WP001",
    "wlst_paths": {
        "WP001": "/VirtualHost${:s}/%VIRTUALHOST%",
        "WP002": "/VirtualHost${:s}/%VIRTUALHOST%/Targets"
    }
}
