{
    "copyright": "Copyright (c) 2017, 2020, Oracle Corporation and/or its affiliates.  All rights reserved.",
    "license": "Licensed under the Universal Permissive License v 1.0 as shown at https://oss.oracle.com/licenses/upl",
    "wlst_type": "VirtualTarget${:s}",
    "version": "[12.2.1,14.1.1)",
    "child_folders_type": "multiple",
    "short_name": "VTarg",
    "folders": {
        "WebServer": {
            "wlst_type": "WebServer",
            "default_name_value": "${NO_NAME_0:%VIRTUALTARGET%}",
            "version": "[12.2.1,)",
            "folders": {
                "WebServerLog": {
                    "wlst_type": "WebServerLog",
                    "default_name_value": "%VIRTUALTARGET%",
                    "version": "[12.2.1,)",
                    "folders": {},
                    "attributes": {
                        "BufferSizeKb":         [ {"version": "[12.2.1,)",           "wlst_mode": "both", "wlst_name": "BufferSizeK${b:B}",    "wlst_path": "WP001", "value": {"default": 8                                      }, "wlst_type": "integer" } ],
                        "DateFormatPattern":    [ {"version": "[12.2.1,)",           "wlst_mode": "both", "wlst_name": "DateFormatPattern",    "wlst_path": "WP001", "value": {"default": "${None:MMM d, yyyy h:mm:ss a z}"      }, "wlst_type": "string"  } ],
                        "ELFFields":            [ {"version": "[12.2.1,)",           "wlst_mode": "both", "wlst_name": "ELFFields",            "wlst_path": "WP001", "value": {"default": "date time cs-method cs-uri sc-status" }, "wlst_type": "string"  } ],
                        "FileCount":            [ {"version": "[12.2.1,12.2.1.3)",   "wlst_mode": "both", "wlst_name": "FileCount",            "wlst_path": "WP001", "value": {"default": 7                                      }, "wlst_type": "integer" } ,
                                                  {"version": "[12.2.1.3,)",         "wlst_mode": "both", "wlst_name": "FileCount",            "wlst_path": "WP001", "value": {"default": "${7:100}"                             }, "wlst_type": "integer" } ],
                        "FileMinSize":          [ {"version": "[12.2.1,12.2.1.3)",   "wlst_mode": "both", "wlst_name": "FileMinSize",          "wlst_path": "WP001", "value": {"default": 500                                    }, "wlst_type": "integer" } ,
                                                  {"version": "[12.2.1.3,)",         "wlst_mode": "both", "wlst_name": "FileMinSize",          "wlst_path": "WP001", "value": {"default": "${500:5000}"                          }, "wlst_type": "integer" } ],
                        "FileName":             [ {"version": "[12.2.1,)",           "wlst_mode": "both", "wlst_name": "FileName",             "wlst_path": "WP001", "value": {"default": "None"                                 }, "wlst_type": "string"  } ],
                        "FileTimeSpan":         [ {"version": "[12.2.1,)",           "wlst_mode": "both", "wlst_name": "FileTimeSpan",         "wlst_path": "WP001", "value": {"default": 24                                     }, "wlst_type": "integer" } ],
                        "FileTimeSpanFactor":   [ {"version": "[12.2.1,)",           "wlst_mode": "offline", "wlst_name": "FileTimeSpanFactor","wlst_path": "WP001", "value": {"default": 3600000                                }, "wlst_type": "long"    } ],
                        "LogFileFormat":        [ {"version": "[12.2.1,)",           "wlst_mode": "both", "wlst_name": "LogFileFormat",        "wlst_path": "WP001", "value": {"default": "${None:common}"                       }, "wlst_type": "string"  } ],
                        "LogFileRotationDir":   [ {"version": "[12.2.1,)",           "wlst_mode": "both", "wlst_name": "LogFileRotationDir",   "wlst_path": "WP001", "value": {"default": "None"                                 }, "wlst_type": "string"  } ],
                        "LogMilliSeconds":      [ {"version": "[12.2.1,)",           "wlst_mode": "offline", "wlst_name": "LogMilliSeconds",   "wlst_path": "WP001", "value": {"default": false                                  }, "wlst_type": "boolean" } ],
                        "LogTimeInGMT":         [ {"version": "[12.2.1,)",           "wlst_mode": "both", "wlst_name": "LogTimeInGMT",         "wlst_path": "WP001", "value": {"default": false                                  }, "wlst_type": "boolean" } ],
                        "LoggingEnabled":       [ {"version": "[12.2.1,)",           "wlst_mode": "both", "wlst_name": "LoggingEnabled",       "wlst_path": "WP001", "value": {"default": true                                   }, "wlst_type": "boolean" } ],
                        "Notes":                [ {"version": "[12.2.1,)",           "wlst_mode": "both", "wlst_name": "Notes",                "wlst_path": "WP001", "value": {"default": "None"                                 }, "wlst_type": "string"  } ],
                        "NumberOfFilesLimited": [ {"version": "[12.2.1,)",           "wlst_mode": "both", "wlst_name": "NumberOfFilesLimited", "wlst_path": "WP001", "value": {"default": "${true:false}"                        }, "wlst_type": "boolean" } ],
                        "RotateLogOnStartup":   [ {"version": "[12.2.1,12.2.1.3)",   "wlst_mode": "both", "wlst_name": "RotateLogOnStartup",   "wlst_path": "WP001", "value": {"default": "true"                                 }, "wlst_type": "boolean" } ,
                                                  {"version": "[12.2.1.3,)",         "wlst_mode": "both", "wlst_name": "RotateLogOnStartup",   "wlst_path": "WP001", "value": {"default": "${true:false}"                        }, "wlst_type": "boolean" } ],
                        "RotationTime":         [ {"version": "[12.2.1,)",           "wlst_mode": "both", "wlst_name": "RotationTime",         "wlst_path": "WP001", "value": {"default": "00:00"                                }, "wlst_type": "string"  } ],
                        "RotationType":         [ {"version": "[12.2.1,)",           "wlst_mode": "both", "wlst_name": "RotationType",         "wlst_path": "WP001", "value": {"default": "${None:bySize}"                       }, "wlst_type": "string"  } ]
                    },
                    "wlst_attributes_path": "WP001",
                    "wlst_paths": {
                        "WP001": "/VirtualTarget${:s}/%VIRTUALTARGET%/WebServer/%WEBSERVER%/WebServerLog/%WEBSERVERLOG%"
                    }
                }
            },
            "attributes": {
                "AcceptContextPathInGetRealPath":      [ {"version": "[12.2.1,)",           "wlst_mode": "both",    "wlst_name": "AcceptContextPathInGetRealPath",      "wlst_path": "WP001", "value": {"default": false   }, "wlst_type": "boolean"          } ],
                "AuthCookieEnabled":                   [ {"version": "[12.2.1,)",           "wlst_mode": "both",    "wlst_name": "AuthCookieEnabled",                   "wlst_path": "WP001", "value": {"default": true    }, "wlst_type": "boolean"          } ],
                "Charsets":                            [ {"version": "[12.2.1,)",           "wlst_mode": "both",    "wlst_name": "Charsets",                            "wlst_path": "WP001", "value": {"default": "None"  }, "wlst_type": "properties"       } ],
                "ChunkedTransferDisabled":             [ {"version": "[12.2.1,)",           "wlst_mode": "both",    "wlst_name": "ChunkedTransferDisabled",             "wlst_path": "WP001", "value": {"default": false   }, "wlst_type": "boolean"          } ],
                "ClientIpHeader":                      [ {"version": "[12.2.1,)",           "wlst_mode": "both",    "wlst_name": "ClientIpHeader",                      "wlst_path": "WP001", "value": {"default": "None"  }, "wlst_type": "string"           } ],
                "DefaultWebAppContextRoot":            [ {"version": "[12.2.1,)",           "wlst_mode": "both",    "wlst_name": "DefaultWebAppContextRoot",            "wlst_path": "WP001", "value": {"default": "None"  }, "wlst_type": "string"           } ],
                "DeploymentOrder":                     [ {"version": "[12.2.1,)",           "wlst_mode": "both",    "wlst_name": "DeploymentOrder",                     "wlst_path": "WP001", "value": {"default": 1000    }, "wlst_type": "integer"          } ],
                "FrontendHTTPPort":                    [ {"version": "[12.2.1,)",           "wlst_mode": "both",    "wlst_name": "FrontendHTTPPort",                    "wlst_path": "WP001", "value": {"default": 0       }, "wlst_type": "integer"          } ],
                "FrontendHTTPSPort":                   [ {"version": "[12.2.1,)",           "wlst_mode": "both",    "wlst_name": "FrontendHTTPSPort",                   "wlst_path": "WP001", "value": {"default": 0       }, "wlst_type": "integer"          } ],
                "FrontendHost":                        [ {"version": "[12.2.1,)",           "wlst_mode": "both",    "wlst_name": "FrontendHost",                        "wlst_path": "WP001", "value": {"default": "None"  }, "wlst_type": "string"           } ],
                "HttpsKeepAliveSecs":                  [ {"version": "[12.2.1,)",           "wlst_mode": "both",    "wlst_name": "HttpsKeepAliveSecs",                  "wlst_path": "WP001", "value": {"default": 60      }, "wlst_type": "integer"          } ],
                "KeepAliveEnabled":                    [ {"version": "[12.2.1,)",           "wlst_mode": "both",    "wlst_name": "KeepAliveEnabled",                    "wlst_path": "WP001", "value": {"default": true    }, "wlst_type": "boolean"          } ],
                "KeepAliveSecs":                       [ {"version": "[12.2.1,)",           "wlst_mode": "both",    "wlst_name": "KeepAliveSecs",                       "wlst_path": "WP001", "value": {"default": 30      }, "wlst_type": "integer"          } ],
                "MaxPostSize":                         [ {"version": "[12.2.1,)",           "wlst_mode": "both",    "wlst_name": "MaxPostSize",                         "wlst_path": "WP001", "value": {"default": -1      }, "wlst_type": "integer"          } ],
                "MaxPostTimeSecs":                     [ {"version": "[12.2.1,)",           "wlst_mode": "both",    "wlst_name": "MaxPostTimeSecs",                     "wlst_path": "WP001", "value": {"default": -1      }, "wlst_type": "integer"          } ],
                "MaxRequestParameterCount":            [ {"version": "[12.2.1,)",           "wlst_mode": "both",    "wlst_name": "MaxRequestParameterCount",            "wlst_path": "WP001", "value": {"default": 10000   }, "wlst_type": "integer",         "get_method": "GET" } ],
                "MaxRequestParamterCount":             [ {"version": "[12.2.1.3,)",         "wlst_mode": "both",    "wlst_name": "MaxRequestParamterCount",             "wlst_path": "WP001", "value": {"default": 10000   }, "wlst_type": "integer",         "get_method": "GET" } ],
                "Notes":                               [ {"version": "[12.2.1,)",           "wlst_mode": "both",    "wlst_name": "Notes",                               "wlst_path": "WP001", "value": {"default": "None"  }, "wlst_type": "string"           } ],
                "OverloadResponseCode":                [ {"version": "[12.2.1,)",           "wlst_mode": "both",    "wlst_name": "OverloadResponseCode",                "wlst_path": "WP001", "value": {"default": 503     }, "wlst_type": "integer"          } ],
                "PostTimeoutSecs":                     [ {"version": "[12.2.1,)",           "wlst_mode": "both",    "wlst_name": "PostTimeoutSecs",                     "wlst_path": "WP001", "value": {"default": 30      }, "wlst_type": "integer"          } ],
                "SendServerHeaderEnabled":             [ {"version": "[12.2.1,)",           "wlst_mode": "both",    "wlst_name": "SendServerHeaderEnabled",             "wlst_path": "WP001", "value": {"default": false   }, "wlst_type": "boolean"          } ],
                "SingleSignonDisabled":                [ {"version": "[12.2.1,)",           "wlst_mode": "both",    "wlst_name": "SingleSignonDisabled",                "wlst_path": "WP001", "value": {"default": false   }, "wlst_type": "boolean"          } ],
                "Target":                              [ {"version": "[12.2.1,)",           "wlst_mode": "offline", "wlst_name": "Target",                              "wlst_path": "WP001", "value": {"default": "None"  }, "wlst_type": "delimited_string", "set_method": "MBEAN.set_target_mbeans" },
                                                         {"version": "[12.2.1,)",           "wlst_mode": "online",  "wlst_name": "Targets",                             "wlst_path": "WP002", "value": {"default": "None"  }, "wlst_type": "jarray",          "preferred_model_type": "delimited_string", "get_method": "GET", "set_method": "MBEAN.set_target_mbeans", "set_mbean_type": "weblogic.management.configuration.TargetMBean"} ],
                "URLResource":                         [ {"version": "[12.2.1,)",           "wlst_mode": "both",    "wlst_name": "URLResource",                         "wlst_path": "WP001", "value": {"default": "None"  }, "wlst_type": "properties"       } ],
                "UseHeaderEncoding":                   [ {"version": "[12.2.1,)",           "wlst_mode": "both",    "wlst_name": "UseHeaderEncoding",                   "wlst_path": "WP001", "value": {"default": false   }, "wlst_type": "boolean"          } ],
                "UseHighestCompatibleHTTPVersion":     [ {"version": "[12.2.1,)",           "wlst_mode": "both",    "wlst_name": "UseHighestCompatibleHTTPVersion",     "wlst_path": "WP001", "value": {"default": true    }, "wlst_type": "boolean"          } ],
                "WAPEnabled":                          [ {"version": "[12.2.1,)",           "wlst_mode": "both",    "wlst_name": "WAPEnabled",                          "wlst_path": "WP001", "value": {"default": false   }, "wlst_type": "boolean"          } ],
                "WebDeployment":                       [ {"version": "[12.2.1,)",           "wlst_mode": "offline", "wlst_name": "WebDeployment",                       "wlst_path": "WP001", "value": {"default": "None"  }, "wlst_type": "string"           } ],
                "WorkManagerForRemoteSessionFetching": [ {"version": "[12.2.1,)",           "wlst_mode": "both",    "wlst_name": "WorkManagerForRemoteSessionFetching", "wlst_path": "WP001", "value": {"default": "None"  }, "wlst_type": "string",          "get_method": "${LSA:GET}" } ],
                "WriteChunkBytes":                     [ {"version": "[12.2.1,)",           "wlst_mode": "both",    "wlst_name": "WriteChunkBytes",                     "wlst_path": "WP001", "value": {"default": 512     }, "wlst_type": "integer",         "access": "${:RO}" } ]
            },
            "wlst_attributes_path": "WP001",
            "wlst_paths": {
                "WP001": "/VirtualTarget${:s}/%VIRTUALTARGET%/WebServer/%WEBSERVER%",
                "WP002": "/VirtualTarget${:s}/%VIRTUALTARGET%/WebServer/%WEBSERVER%/Targets"
            }
        }
    },
    "attributes": {
        "DeploymentOrder":          [ {"version": "[12.2.1,)",                     "wlst_mode": "both",    "wlst_name": "DeploymentOrder",          "wlst_path": "WP001", "value": {"default": 1000              }, "wlst_type": "integer"                     } ],
        "ExplicitPort":             [ {"version": "[12.2.1,)",           "wlst_mode": "both",    "wlst_name": "ExplicitPort",             "wlst_path": "WP001", "value": {"default": 0                 }, "wlst_type": "integer"                     } ],
        "HostName":                 [ {"version": "[12.2.1,)",           "wlst_mode": "both",    "wlst_name": "HostName${:s}",            "wlst_path": "WP001", "value": {"default": "None"            }, "wlst_type": "${delimited_string:jarray}", "preferred_model_type": "delimited_string" } ],
        "MoreThanOneTargetAllowed": [ {"version": "[12.2.1,)",           "wlst_mode": "offline", "wlst_name": "MoreThanOneTargetAllowed", "wlst_path": "WP001", "value": {"default": false             }, "wlst_type": "boolean"                     } ],
        "Notes":                    [ {"version": "[12.2.1,)",           "wlst_mode": "both",    "wlst_name": "Notes",                    "wlst_path": "WP001", "value": {"default": "None"            }, "wlst_type": "string"                      } ],
        "PartitionChannel":         [ {"version": "[12.2.1,)",           "wlst_mode": "both",    "wlst_name": "PartitionChannel",         "wlst_path": "WP001", "value": {"default": "PartitionChannel"}, "wlst_type": "string"                      } ],
        "PortOffset":               [ {"version": "[12.2.1,12.2.1.1)",   "wlst_mode": "both",    "wlst_name": "PortOffset",               "wlst_path": "WP001", "value": {"default": 0                 }, "wlst_type": "integer"                     } ,
                                      {"version": "[12.2.1.1,12.2.1.2)", "wlst_mode": "both",    "wlst_name": "PortOffset",               "wlst_path": "WP001", "value": {"default": "${10:0}"         }, "wlst_type": "integer"                     } ,
                                      {"version": "[12.2.1.2,)",         "wlst_mode": "both",    "wlst_name": "PortOffset",               "wlst_path": "WP001", "value": {"default": 0                 }, "wlst_type": "integer"                     } ],
        "Target":                   [ {"version": "[12.2.1,)",           "wlst_mode": "offline", "wlst_name": "Target",                   "wlst_path": "WP001", "value": {"default": "None"            }, "wlst_type": "delimited_string", "set_method": "MBEAN.set_target_mbeans" },
                                      {"version": "[12.2.1,)",           "wlst_mode": "online",  "wlst_name": "Targets",                  "wlst_path": "WP002", "value": {"default": "None"            }, "wlst_type": "jarray",                     "preferred_model_type": "delimited_string", "get_method": "GET", "set_method": "MBEAN.set_target_mbeans", "set_mbean_type": "weblogic.management.configuration.TargetMBean"} ],
        "UriPrefix":                [ {"version": "[12.2.1,)",           "wlst_mode": "both",    "wlst_name": "UriPrefix",                "wlst_path": "WP001", "value": {"default": "/"               }, "wlst_type": "string"                      } ]
    },
    "wlst_attributes_path": "WP001",
    "wlst_paths": {
        "WP001": "/VirtualTarget${:s}/%VIRTUALTARGET%",
        "WP002": "/VirtualTarget${:s}/%VIRTUALTARGET%/Targets"
    }
}
