{
    "copyright": "Copyright (c) 2019, 2020, Oracle Corporation and/or its affiliates.  All rights reserved.",
    "license": "Licensed under the Universal Permissive License v 1.0 as shown at https://oss.oracle.com/licenses/upl",
    "wlst_type": "WebAppContainer",
    "default_name_value": "${NO_NAME_0:%DOMAIN%}",
    "short_name": "WebApp",
    "folders": {
        "GzipCompression" : {
            "wlst_type": "GzipCompression",
            "version": "[12.2,)",
            "default_name_value": "${NO_NAME_0:%DOMAIN%}",
            "folders": {},
            "attributes": {
                "GzipCompressionContentType":          [ {"version": "[12.2,)",       "wlst_mode": "both",    "wlst_name": "GzipCompressionContentType",         "wlst_path": "WP001", "value": {"default": "None"   }, "wlst_type": "${list:jarray}",  "wlst_read_type": "delimited_string[semicolon]", "get_method": "${LSA:GET}", "preferred_model_type": "list" } ],
                "GzipCompressionEnabled":              [ {"version": "[12.2,)",       "wlst_mode": "both",    "wlst_name": "GzipCompressionEnabled",             "wlst_path": "WP001", "value": {"default": false    }, "wlst_type": "boolean"           } ],
                "GzipCompressionMinContentLength":     [ {"version": "[12.2,)",       "wlst_mode": "both",    "wlst_name": "GzipCompressionMinContentLength",    "wlst_path": "WP001", "value": {"default": 2048     }, "wlst_type": "integer"           } ],
                "Notes":                               [ {"version": "[12.2,)",       "wlst_mode": "both",    "wlst_name": "Notes",                              "wlst_path": "WP001", "value": {"default": "None"   }, "wlst_type": "string"            } ]
            },
            "wlst_attributes_path": "WP001",
            "wlst_paths": {
                "WP001": "/WebAppContainer/%WEBAPPCONTAINER%/GzipCompression/%GZIPCOMPRESSION%"
            }
        }
    },
    "attributes": {
        "AllowAllRoles":                       [ {"version": "[10,)",       "wlst_mode": "both",    "wlst_name": "AllowAllRoles",                      "wlst_path": "WP001", "value": {"default": false                              }, "wlst_type": "boolean"           } ],
        "AuthCookieEnabled":                   [ {"version": "[10,)",       "wlst_mode": "both",    "wlst_name": "AuthCookieEnabled",                  "wlst_path": "WP001", "value": {"default": false                              }, "wlst_type": "boolean"           } ],
        "ChangeSessionIDOnAuthentication":     [ {"version": "[10,)",       "wlst_mode": "both",    "wlst_name": "ChangeSessionIDOnAuthentication",    "wlst_path": "WP001", "value": {"default": false                              }, "wlst_type": "boolean"           } ],
        "ClientCertProxyEnabled":              [ {"version": "[10,)",       "wlst_mode": "both",    "wlst_name": "ClientCertProxyEnabled",             "wlst_path": "WP001", "value": {"default": false                              }, "wlst_type": "boolean"           } ],
        "FilterDispatchedRequestsEnabled":     [ {"version": "[10,)",       "wlst_mode": "both",    "wlst_name": "FilterDispatchedRequestsEnabled",    "wlst_path": "WP001", "value": {"default": false                              }, "wlst_type": "boolean"           } ],
        "HttpTraceSupportEnabled":             [ {"version": "[10,)",       "wlst_mode": "both",    "wlst_name": "HttpTraceSupportEnabled",            "wlst_path": "WP001", "value": {"default": false                              }, "wlst_type": "boolean"           } ],
        "JSPCompilerBackwardsCompatible":      [ {"version": "[10,)",       "wlst_mode": "both",    "wlst_name": "JSPCompilerBackwardsCompatible",     "wlst_path": "WP001", "value": {"default": false                              }, "wlst_type": "boolean"           } ],
        "JaxRsMonitoringDefaultBehavior":      [ {"version": "[12.2,)",     "wlst_mode": "both",    "wlst_name": "JaxRsMonitoringDefaultBehavior",     "wlst_path": "WP001", "value": {"default": false                              }, "wlst_type": "boolean"           } ],
        "MaxPostSize":                         [ {"version": "[10,)",       "wlst_mode": "both",    "wlst_name": "MaxPostSize",                        "wlst_path": "WP001", "value": {"default": -1                                 }, "wlst_type": "integer"           } ],
        "MaxPostTimeSecs":                     [ {"version": "[10,)",       "wlst_mode": "both",    "wlst_name": "MaxPostTimeSecs",                    "wlst_path": "WP001", "value": {"default": -1                                 }, "wlst_type": "integer"           } ],
        "MaxRequestParamterCount":             [ {"version": "[10,12.2.1.4)", "wlst_mode": "both",  "wlst_name": "MaxRequestParamterCount",            "wlst_path": "WP001", "value": {"default": 10000                              }, "wlst_type": "integer",          "get_method": "GET" } ],
        "MaxRequestParameterCount":            [ {"version": "[12.1.2,)",   "wlst_mode": "both",    "wlst_name": "MaxRequestParameterCount",           "wlst_path": "WP001", "value": {"default": 10000                              }, "wlst_type": "integer",          "get_method": "GET" } ],
        "MimeMappingFile":                     [ {"version": "[10,)",       "wlst_mode": "both",    "wlst_name": "MimeMappingFile",                    "wlst_path": "WP001", "value": {"default": "./config/mimemappings.properties" }, "wlst_type": "string",           "uses_path_tokens": "true" } ],
        "Notes":                               [ {"version": "[10,)",       "wlst_mode": "both",    "wlst_name": "Notes",                              "wlst_path": "WP001", "value": {"default": "None"                             }, "wlst_type": "string"            } ],
        "OptimisticSerialization":             [ {"version": "[10,)",       "wlst_mode": "both",    "wlst_name": "OptimisticSerialization",            "wlst_path": "WP001", "value": {"default": false                              }, "wlst_type": "boolean"           } ],
        "OverloadProtectionEnabled":           [ {"version": "[10,)",       "wlst_mode": "both",    "wlst_name": "OverloadProtectionEnabled",          "wlst_path": "WP001", "value": {"default": false                              }, "wlst_type": "boolean"           } ],
        "P3PHeaderValue":                      [ {"version": "[10,)",       "wlst_mode": "both",    "wlst_name": "P3PHeaderValue",                     "wlst_path": "WP001", "value": {"default": "None"                             }, "wlst_type": "string"            } ],
        "PostTimeoutSecs":                     [ {"version": "[10,)",       "wlst_mode": "both",    "wlst_name": "PostTimeoutSecs",                    "wlst_path": "WP001", "value": {"default": 30                                 }, "wlst_type": "integer"           } ],
        "ReloginEnabled":                      [ {"version": "[10,)",       "wlst_mode": "both",    "wlst_name": "ReloginEnabled",                     "wlst_path": "WP001", "value": {"default": false                              }, "wlst_type": "boolean"           } ],
        "RetainOriginalURL":                   [ {"version": "[10,)",       "wlst_mode": "both",    "wlst_name": "RetainOriginalURL",                  "wlst_path": "WP001", "value": {"default": false                              }, "wlst_type": "boolean"           } ],
        "RtexprvalueJspParamName":             [ {"version": "[10,)",       "wlst_mode": "both",    "wlst_name": "RtexprvalueJspParamName",            "wlst_path": "WP001", "value": {"default": false                              }, "wlst_type": "boolean"           } ],
        "ServletAuthenticationFormURL":        [ {"version": "[10,)",       "wlst_mode": "both",    "wlst_name": "ServletAuthenticationFormURL",       "wlst_path": "WP001", "value": {"default": false                              }, "wlst_type": "boolean"           } ],
        "ServletReloadCheckSecs":              [ {"version": "[10,)",       "wlst_mode": "both",    "wlst_name": "ServletReloadCheckSecs",             "wlst_path": "WP001", "value": {"default": -1                                 }, "wlst_type": "integer"           } ],
        "ShowArchivedRealPathEnabled":         [ {"version": "[10,)",       "wlst_mode": "both",    "wlst_name": "ShowArchivedRealPathEnabled",        "wlst_path": "WP001", "value": {"default": false                              }, "wlst_type": "boolean"           } ],
        "WAPEnabled":                          [ {"version": "[10,)",       "wlst_mode": "both",    "wlst_name": "WAPEnabled",                         "wlst_path": "WP001", "value": {"default": "None"                             }, "wlst_type": "string"            } ],
        "WeblogicPluginEnabled":               [ {"version": "[10,)",       "wlst_mode": "both",    "wlst_name": "WeblogicPluginEnabled",              "wlst_path": "WP001", "value": {"default": false                              }, "wlst_type": "boolean"           } ],
        "WorkContextPropagationEnabled":       [ {"version": "[10,)",       "wlst_mode": "both",    "wlst_name": "WorkContextPropagationEnabled",      "wlst_path": "WP001", "value": {"default": false                              }, "wlst_type": "boolean"           } ],
        "XPoweredByHeaderLevel":               [ {"version": "[10,)",       "wlst_mode": "both",    "wlst_name": "XPoweredByHeaderLevel",              "wlst_path": "WP001", "value": {"default": "None"                             }, "wlst_type": "string"            } ]

    },
    "wlst_attributes_path": "WP001",
    "wlst_paths": {
        "WP001": "/WebAppContainer/%WEBAPPCONTAINER%"
    }
}
