{
    "copyright": "Copyright (c) 2019, Oracle Corporation and/or its affiliates.  All rights reserved.",
    "license": "Licensed under the Universal Permissive License v 1.0 as shown at https://oss.oracle.com/licenses/upl",
    "wlst_type": "WLSRoles",
    "child_folders_type": "multiple",
    "folders": {},
    "attributes": {
        "Expression": [ {"version": "[10,)", "wlst_mode": "both", "wlst_name": "Expression", "wlst_path": "WP001", "value": {"default": "None" }, "wlst_type": "string" } ],
        "UpdateMode": [ {"version": "[10,)", "wlst_mode": "both", "wlst_name": "UpdateMode", "wlst_path": "WP001", "value": {"default": "None" }, "wlst_type": "string" } ]
    },
    "wlst_attributes_path": "WP001",
    "wlst_paths": {
        "WP001": "/NO_FOLDER"
    }
}
