{
    "copyright": "Copyright (c) 2020, Oracle Corporation and/or its affiliates.",
    "license": "Licensed under the Universal Permissive License v 1.0 as shown at https://oss.oracle.com/licenses/upl",
    "wlst_type": "WLSUserPasswordCredentialMappings",
    "folders": {
        "CrossDomain": {
            "wlst_type": "CrossDomain",
            "child_folders_type": "multiple",
            "folders": {},
            "attributes": {
                "RemoteDomain":   [ {"version": "[10,)", "wlst_mode": "both", "wlst_name": "RemoteDomain",   "wlst_path": "WP001", "value": {"default": "None"}, "wlst_type": "string" } ],
                "RemotePassword": [ {"version": "[10,)", "wlst_mode": "both", "wlst_name": "RemotePassword", "wlst_path": "WP001", "value": {"default": "None"}, "wlst_type": "password" } ],
                "RemoteUser":     [ {"version": "[10,)", "wlst_mode": "both", "wlst_name": "RemoteUser",     "wlst_path": "WP001", "value": {"default": "None"}, "wlst_type": "string" } ]
            },
            "wlst_attributes_path": "WP001",
            "wlst_paths": {
                "WP001": "/NO_FOLDER/%WLSUSERPASSWORDCREDENTIALMAPPINGS%/NO_FOLDER/%CROSSDOMAIN%"
            }
        },
        "RemoteResource": {
            "wlst_type": "RemoteResource",
            "child_folders_type": "multiple",
            "folders": {},
            "attributes": {
                "Method":         [ {"version": "[10,)", "wlst_mode": "both", "wlst_name": "Method",         "wlst_path": "WP001", "value": {"default": "None"}, "wlst_type": "string" } ],
                "Path":           [ {"version": "[10,)", "wlst_mode": "both", "wlst_name": "Path",           "wlst_path": "WP001", "value": {"default": "None"}, "wlst_type": "string" } ],
                "Protocol":       [ {"version": "[10,)", "wlst_mode": "both", "wlst_name": "Protocol",       "wlst_path": "WP001", "value": {"default": "None"}, "wlst_type": "string" } ],
                "RemoteHost":     [ {"version": "[10,)", "wlst_mode": "both", "wlst_name": "RemoteHost",     "wlst_path": "WP001", "value": {"default": "None"}, "wlst_type": "string" } ],
                "RemotePassword": [ {"version": "[10,)", "wlst_mode": "both", "wlst_name": "RemotePassword", "wlst_path": "WP001", "value": {"default": "None"}, "wlst_type": "password" } ],
                "RemotePort":     [ {"version": "[10,)", "wlst_mode": "both", "wlst_name": "RemotePort",     "wlst_path": "WP001", "value": {"default": "None"}, "wlst_type": "integer" } ],
                "RemoteUser":     [ {"version": "[10,)", "wlst_mode": "both", "wlst_name": "RemoteUser",     "wlst_path": "WP001", "value": {"default": "None"}, "wlst_type": "string" } ],
                "User":           [ {"version": "[10,)", "wlst_mode": "both", "wlst_name": "User",           "wlst_path": "WP001", "value": {"default": "None"}, "wlst_type": "list" } ]
            },
            "wlst_attributes_path": "WP001",
            "wlst_paths": {
                "WP001": "/NO_FOLDER/%WLSUSERPASSWORDCREDENTIALMAPPINGS%/NO_FOLDER/%REMOTERESOURCE%"
            }
        }
    },
    "attributes": {},
    "wlst_attributes_path": "WP001",
    "wlst_paths": {
        "WP001": "/NO_FOLDER"
    }
}
