{
    "copyright": "Copyright (c) 2017, 2019, Oracle Corporation and/or its affiliates.  All rights reserved.",
    "license": "Licensed under the Universal Permissive License v 1.0 as shown at https://oss.oracle.com/licenses/upl",
    "wlst_type": "WSReliableDeliveryPolic${y:ies}",
    "child_folders_type": "multiple",
    "short_name": "WSPolicy",
    "folders": {},
    "attributes": {
        "DefaultRetryCount":                   [ {"version": "[10,)",             "wlst_mode": "both",    "wlst_name": "DefaultRetryCount",               "wlst_path": "WP001", "value": {"default": 10                               }, "wlst_type": "integer"     } ],
        "DefaultRetryInterval":                [ {"version": "[10,)",             "wlst_mode": "both",    "wlst_name": "DefaultRetryInterval",            "wlst_path": "WP001", "value": {"default": 6                                }, "wlst_type": "integer"     } ],
        "DefaultTimeToLive":                   [ {"version": "[10,)",             "wlst_mode": "both",    "wlst_name": "DefaultTimeToLive",               "wlst_path": "WP001", "value": {"default": 360                              }, "wlst_type": "integer"     } ],
        "JMSServer":                           [ {"version": "[10,)",             "wlst_mode": "both",    "wlst_name": "JMSServer",                       "wlst_path": "WP001", "value": {"default": "None"                           }, "wlst_type": "string",     "set_method": "${:MBEAN.set_jms_server_mbean}", "set_mbean_type": "${:weblogic.management.configuration.JMSServerMBean}" } ],
        "Notes":                               [ {"version": "[10,)",             "wlst_mode": "both",    "wlst_name": "Notes",                           "wlst_path": "WP001", "value": {"default": "None"                           }, "wlst_type": "string"      } ]
    },
    "wlst_attributes_path": "WP001",
    "wlst_paths": {
        "WP001": "/WSReliableDeliveryPolic${y:ies}/%WSPOLICY%"
    }
}