{
    "copyright": "Copyright (c) 2017, 2019, Oracle Corporation and/or its affiliates.  All rights reserved.",
    "license": "Licensed under the Universal Permissive License v 1.0 as shown at https://oss.oracle.com/licenses/upl",
    "wlst_type": "XMLEntityCache${:s}",
    "child_folders_type": "multiple",
    "short_name": "XMLEntity",
    "folders": {},
    "attributes": {
        "CacheDiskSize":                       [ {"version": "[10,)",             "wlst_mode": "both",    "wlst_name": "CacheDiskSize",                   "wlst_path": "WP001", "value": {"default": 5                                }, "wlst_type": "integer"     } ],
        "CacheLocation":                       [ {"version": "[10,)",             "wlst_mode": "both",    "wlst_name": "CacheLocation",                   "wlst_path": "WP001", "value": {"default": "xmlcache"                       }, "wlst_type": "string"      } ],
        "CacheMemorySize":                     [ {"version": "[10,)",             "wlst_mode": "both",    "wlst_name": "CacheMemorySize",                 "wlst_path": "WP001", "value": {"default": 500                              }, "wlst_type": "integer"     } ],
        "CacheTimeoutInterval":                [ {"version": "[10,)",             "wlst_mode": "both",    "wlst_name": "CacheTimeoutInterval",            "wlst_path": "WP001", "value": {"default": 120                              }, "wlst_type": "integer"     } ],
        "MaxSize":                             [ {"version": "[10,)",             "wlst_mode": "both",    "wlst_name": "MaxSize",                         "wlst_path": "WP001", "value": {"default": 0                                }, "wlst_type": "integer"     } ],
        "Notes":                               [ {"version": "[10,)",             "wlst_mode": "both",    "wlst_name": "Notes",                           "wlst_path": "WP001", "value": {"default": "None"                           }, "wlst_type": "string"      } ]
    },
    "wlst_attributes_path": "WP001",
    "wlst_paths": {
        "WP001": "/XMLEntityCache${:s}/%XMLENTITYCACHE%"
    }
}