{
    "copyright": "Copyright (c) 2017, 2020, Oracle Corporation and/or its affiliates.  All rights reserved.",
    "license": "Licensed under the Universal Permissive License v 1.0 as shown at https://oss.oracle.com/licenses/upl",
    "wlst_type": "XMLRegistr${y:ies}",
    "child_folders_type": "multiple",
    "short_name": "XMLReg",
    "folders": {
        "XMLEntitySpecRegistryEntry": {
            "wlst_type": "XMLEntitySpecRegistryEntr${y:ies}",
            "child_folders_type": "multiple",
            "folders": {},
            "attributes": {
                "CacheTimeoutInterval":            [ {"version": "[10,)",             "wlst_mode": "both",    "wlst_name": "CacheTimeoutInterval",                 "wlst_path": "WP001", "value": {"default": -1                                  }, "wlst_type": "integer"     } ],
                "EntityURI":                       [ {"version": "[10,)",             "wlst_mode": "both",    "wlst_name": "EntityURI",                            "wlst_path": "WP001", "value": {"default": "None"                              }, "wlst_type": "string"      } ],
                "HandleEntityInvalidation":        [ {"version": "[10,)",             "wlst_mode": "both",    "wlst_name": "HandleEntityInvalidation",             "wlst_path": "WP001", "value": {"default": "${None:defer-to-registry-setting}" }, "wlst_type": "string"      } ],
                "Notes":                           [ {"version": "[10,)",             "wlst_mode": "both",    "wlst_name": "Notes",                                "wlst_path": "WP001", "value": {"default": "None"                              }, "wlst_type": "string"      } ],
                "PublicId":                        [ {"version": "[10,)",             "wlst_mode": "both",    "wlst_name": "PublicId",                             "wlst_path": "WP001", "value": {"default": "None"                              }, "wlst_type": "string"      } ],
                "SystemId":                        [ {"version": "[10,)",             "wlst_mode": "both",    "wlst_name": "SystemId",                             "wlst_path": "WP001", "value": {"default": "None"                              }, "wlst_type": "string"      } ],
                "WhenToCache":                     [ {"version": "[10,)",             "wlst_mode": "both",    "wlst_name": "WhenToCache",                          "wlst_path": "WP001", "value": {"default": "${None:defer-to-registry-setting}" }, "wlst_type": "string"      } ]
            },
            "wlst_attributes_path": "WP001",
            "wlst_paths": {
                "WP001": "/XMLRegistr${y:ies}/%XMLREGISTRY%/XMLEntitySpecRegistryEntr${y:ies}/%XMLSPECENTRY%"
            }
        },
        "XMLParserSelectRegistryEntry": {
            "wlst_type": "XMLParserSelectRegistryEntr${y:ies}",
            "child_folders_type": "multiple",
            "folders": {},
            "attributes": {
                "DocumentBuilderFactory":          [ {"version": "[10,)",             "wlst_mode": "both",    "wlst_name": "DocumentBuilderFactory",               "wlst_path": "WP001", "value": {"default": "None"                       }, "wlst_type": "string"      } ],
                "Notes":                           [ {"version": "[10,)",             "wlst_mode": "both",    "wlst_name": "Notes",                                "wlst_path": "WP001", "value": {"default": "None"                       }, "wlst_type": "string"      } ],
                "ParserClassName":                 [ {"version": "[10,)",             "wlst_mode": "both",    "wlst_name": "ParserClassName",                      "wlst_path": "WP001", "value": {"default": "None"                       }, "wlst_type": "string"      } ],
                "PublicId":                        [ {"version": "[10,)",             "wlst_mode": "both",    "wlst_name": "PublicId",                             "wlst_path": "WP001", "value": {"default": "None"                       }, "wlst_type": "string"      } ],
                "RootElementTag":                  [ {"version": "[10,)",             "wlst_mode": "both",    "wlst_name": "RootElementTag",                       "wlst_path": "WP001", "value": {"default": "None"                       }, "wlst_type": "string"      } ],
                "SAXParserFactory":                [ {"version": "[10,)",             "wlst_mode": "both",    "wlst_name": "SAXParserFactory",                     "wlst_path": "WP001", "value": {"default": "None"                       }, "wlst_type": "string"      } ],
                "SystemId":                        [ {"version": "[10,)",             "wlst_mode": "both",    "wlst_name": "SystemId",                             "wlst_path": "WP001", "value": {"default": "None"                       }, "wlst_type": "string"      } ],
                "TransformerFactory":              [ {"version": "[10,)",             "wlst_mode": "both",    "wlst_name": "TransformerFactory",                   "wlst_path": "WP001", "value": {"default": "None"                       }, "wlst_type": "string"      } ]
            },
            "wlst_attributes_path": "WP001",
            "wlst_paths": {
                "WP001": "/XMLRegistr${y:ies}/%XMLREGISTRY%/XMLParserSelectRegistryEntr${y:ies}/%XMLSELECTENTRY%"
            }
        }
    },
    "attributes": {
        "DocumentBuilderFactory":          [ {"version": "[10,12.1.2)",       "wlst_mode": "both",    "wlst_name": "DocumentBuilderFactory",       "wlst_path": "WP001", "value": {"default": "weblogic.apache.xerces.jaxp.DocumentBuilderFactoryImpl" }, "wlst_type": "string"     } ,
                                             {"version": "[12.1.2,)",         "wlst_mode": "both",    "wlst_name": "DocumentBuilderFactory",       "wlst_path": "WP001", "value": {"default": "weblogic.xml.jaxp.WebLogicDocumentBuilderFactory"       }, "wlst_type": "string"     } ],
        "HandleEntityInvalidation":        [ {"version": "[10,)",             "wlst_mode": "both",    "wlst_name": "HandleEntityInvalidation",     "wlst_path": "WP001", "value": {"default": "false"                                                  }, "wlst_type": "boolean"    } ],
        "Notes":                           [ {"version": "[10,)",             "wlst_mode": "both",    "wlst_name": "Notes",                        "wlst_path": "WP001", "value": {"default": "None"                                                   }, "wlst_type": "string"     } ],
        "SAXParserFactory":                [ {"version": "[10,12.1.2)",       "wlst_mode": "both",    "wlst_name": "SAXParserFactory",             "wlst_path": "WP001", "value": {"default": "weblogic.apache.xerces.jaxp.SAXParserFactoryImpl"       }, "wlst_type": "string"     } ,
                                             {"version": "[12.1.2,)",         "wlst_mode": "both",    "wlst_name": "SAXParserFactory",             "wlst_path": "WP001", "value": {"default": "weblogic.xml.jaxp.WebLogicSAXParserFactory"             }, "wlst_type": "string"     } ],
        "SchemaFactory":                   [ {"version": "[12.1.2,)",         "wlst_mode": "both",    "wlst_name": "SchemaFactory",                "wlst_path": "WP001", "value": {"default": "weblogic.xml.jaxp.WebLogicSchemaFactory"                }, "wlst_type": "string"     } ],
        "TransformerFactory":              [ {"version": "[10,)",             "wlst_mode": "both",    "wlst_name": "TransformerFactory",           "wlst_path": "WP001", "value": {"default": "weblogic.xml.jaxp.WebLogicTransformerFactory"           }, "wlst_type": "string"     } ],
        "WhenToCache":                     [ {"version": "[10,)",             "wlst_mode": "both",    "wlst_name": "WhenToCache",                  "wlst_path": "WP001", "value": {"default": "${None:cache-on-reference}"                             }, "wlst_type": "string"     } ],
        "XmlEventFactory":                 [ {"version": "[12.1.2,)",         "wlst_mode": "both",    "wlst_name": "X${ml:ML}EventFactory",        "wlst_path": "WP001", "value": {"default": "weblogic.xml.jaxp.WebLogicXMLEventFactory"              }, "wlst_type": "string"     } ],
        "XmlInputFactory":                 [ {"version": "[12.1.2,)",         "wlst_mode": "both",    "wlst_name": "X${ml:ML}InputFactory",        "wlst_path": "WP001", "value": {"default": "weblogic.xml.jaxp.WebLogicXMLInputFactory"              }, "wlst_type": "string"     } ],
        "XmlOutputFactory":                [ {"version": "[12.1.2,)",         "wlst_mode": "both",    "wlst_name": "X${ml:ML}OutputFactory",       "wlst_path": "WP001", "value": {"default": "weblogic.xml.jaxp.WebLogicXMLOutputFactory"             }, "wlst_type": "string"     } ],
        "XpathFactory":                    [ {"version": "[12.1.2,)",         "wlst_mode": "both",    "wlst_name": "XpathFactory",                 "wlst_path": "WP001", "value": {"default": "weblogic.xml.jaxp.WebLogicXPathFactory"                 }, "wlst_type": "string"     } ]
    },
    "wlst_attributes_path": "WP001",
    "wlst_paths": {
        "WP001": "/XMLRegistr${y:ies}/%XMLREGISTRY%"
    }
}